,Image,Class
0,image6245.jpg,Food
1,image10409.jpg,misc
2,image8692.jpg,Food
3,image10517.jpg,Food
4,image2580.jpg,Attire
5,image848.jpg,Attire
6,image1232.jpg,Decorationandsignage
7,image8386.jpg,Attire
8,image9828.jpg,Attire
9,image9033.jpg,misc
10,image2857.jpg,Decorationandsignage
11,image7838.jpg,Decorationandsignage
12,image6337.jpg,Decorationandsignage
13,image3608.jpg,Attire
14,image9190.jpg,Food
15,image8586.jpg,Food
16,image8140.jpg,misc
17,image8208.jpg,Food
18,image1052.jpg,Decorationandsignage
19,image3926.jpg,Attire
20,image3726.jpg,Decorationandsignage
21,image1491.jpg,Food
22,image1572.jpg,Food
23,image3925.jpg,Attire
24,image4858.jpg,Food
25,image1498.jpg,Attire
26,image6432.jpg,Food
27,image6175.jpg,Attire
28,image4756.jpg,Food
29,image9174.jpg,misc
30,image7285.jpg,Attire
31,image5797.jpg,Attire
32,image3666.jpg,misc
33,image5597.jpg,Attire
34,image5663.jpg,Decorationandsignage
35,image9985.jpg,Decorationandsignage
36,image7108.jpg,Attire
37,image3064.jpg,Attire
38,image1781.jpg,Food
39,image9617.jpg,Attire
40,image7924.jpg,Food
41,image5861.jpg,misc
42,image4276.jpg,Attire
43,image7252.jpg,Attire
44,image5331.jpg,Attire
45,image8666.jpg,Food
46,image5984.jpg,Attire
47,image401.jpg,Attire
48,image3483.jpg,misc
49,image10088.jpg,misc
50,image6596.jpg,misc
51,image318.jpg,Food
52,image802.jpg,misc
53,image6218.jpg,Decorationandsignage
54,image4565.jpg,Food
55,image37.jpg,Food
56,image2372.jpg,Attire
57,image7920.jpg,Attire
58,image3571.jpg,Decorationandsignage
59,image5368.jpg,misc
60,image753.jpg,Decorationandsignage
61,image10123.jpg,Decorationandsignage
62,image2107.jpg,Decorationandsignage
63,image1871.jpg,Food
64,image2731.jpg,Food
65,image10828.jpg,Food
66,image217.jpg,Attire
67,image10788.jpg,Food
68,image8563.jpg,Attire
69,image5125.jpg,Food
70,image2719.jpg,Decorationandsignage
71,image6911.jpg,Food
72,image9095.jpg,Decorationandsignage
73,image5207.jpg,Attire
74,image7478.jpg,Attire
75,image7776.jpg,Food
76,image3644.jpg,Attire
77,image8224.jpg,Attire
78,image2565.jpg,Food
79,image6160.jpg,Food
80,image2524.jpg,Food
81,image1722.jpg,Food
82,image8457.jpg,Food
83,image8578.jpg,Attire
84,image1954.jpg,misc
85,image7643.jpg,Attire
86,image7714.jpg,misc
87,image307.jpg,Attire
88,image1341.jpg,Food
89,image8686.jpg,Decorationandsignage
90,image7887.jpg,misc
91,image3274.jpg,Decorationandsignage
92,image1426.jpg,Attire
93,image845.jpg,Food
94,image1549.jpg,Food
95,image3503.jpg,Decorationandsignage
96,image2252.jpg,Attire
97,image2767.jpg,Food
98,image10562.jpg,Food
99,image7268.jpg,Attire
100,image9060.jpg,misc
101,image7529.jpg,Attire
102,image3923.jpg,Food
103,image6891.jpg,misc
104,image5590.jpg,Attire
105,image4302.jpg,Attire
106,image9905.jpg,Decorationandsignage
107,image3328.jpg,Attire
108,image9614.jpg,Attire
109,image1666.jpg,misc
110,image1795.jpg,Food
111,image2928.jpg,Food
112,image9002.jpg,Attire
113,image3621.jpg,misc
114,image4196.jpg,Food
115,image10143.jpg,Food
116,image9736.jpg,Food
117,image8658.jpg,misc
118,image7313.jpg,Food
119,image3422.jpg,Food
120,image9391.jpg,misc
121,image7732.jpg,Decorationandsignage
122,image9951.jpg,Food
123,image9627.jpg,Attire
124,image5146.jpg,Food
125,image8480.jpg,Attire
126,image1460.jpg,misc
127,image8731.jpg,Food
128,image6637.jpg,Attire
129,image3194.jpg,Attire
130,image9157.jpg,Attire
131,image5073.jpg,Attire
132,image6354.jpg,Attire
133,image7809.jpg,Food
134,image9849.jpg,Attire
135,image9965.jpg,Food
136,image7334.jpg,misc
137,image2284.jpg,Decorationandsignage
138,image5644.jpg,Food
139,image9675.jpg,Attire
140,image2866.jpg,Food
141,image6954.jpg,Attire
142,image5395.jpg,Food
143,image9619.jpg,Decorationandsignage
144,image8834.jpg,Food
145,image6991.jpg,Food
146,image8762.jpg,Attire
147,image5474.jpg,Attire
148,image8691.jpg,Decorationandsignage
149,image7879.jpg,Food
150,image6092.jpg,Food
151,image8918.jpg,Food
152,image7682.jpg,Food
153,image6034.jpg,Attire
154,image9572.jpg,Food
155,image4291.jpg,Decorationandsignage
156,image10625.jpg,Food
157,image7913.jpg,Attire
158,image8135.jpg,misc
159,image10242.jpg,misc
160,image7844.jpg,Attire
161,image7795.jpg,Attire
162,image7694.jpg,Attire
163,image3760.jpg,Decorationandsignage
164,image7889.jpg,Decorationandsignage
165,image528.jpg,Attire
166,image4611.jpg,Attire
167,image6782.jpg,Attire
168,image2964.jpg,Attire
169,image2054.jpg,Decorationandsignage
170,image7256.jpg,Attire
171,image4101.jpg,Food
172,image7368.jpg,Food
173,image476.jpg,misc
174,image3695.jpg,Attire
175,image7845.jpg,Food
176,image3256.jpg,Attire
177,image7168.jpg,Food
178,image9061.jpg,Food
179,image3908.jpg,Decorationandsignage
180,image7595.jpg,Food
181,image3883.jpg,Decorationandsignage
182,image4839.jpg,Food
183,image1152.jpg,misc
184,image393.jpg,Food
185,image675.jpg,Decorationandsignage
186,image7312.jpg,Food
187,image8410.jpg,Decorationandsignage
188,image9789.jpg,misc
189,image2595.jpg,Attire
190,image9221.jpg,Decorationandsignage
191,image7929.jpg,Decorationandsignage
192,image9492.jpg,Food
193,image9388.jpg,Food
194,image10433.jpg,Food
195,image5595.jpg,Food
196,image7434.jpg,Food
197,image9362.jpg,Decorationandsignage
198,image9346.jpg,Food
199,image6659.jpg,Attire
200,image7576.jpg,Food
201,image2759.jpg,Decorationandsignage
202,image1512.jpg,Decorationandsignage
203,image8242.jpg,Decorationandsignage
204,image2432.jpg,Attire
205,image1361.jpg,Food
206,image2091.jpg,Decorationandsignage
207,image6581.jpg,Food
208,image5385.jpg,Food
209,image2435.jpg,Attire
210,image3085.jpg,Attire
211,image9244.jpg,Decorationandsignage
212,image5102.jpg,Attire
213,image3063.jpg,Food
214,image6467.jpg,Decorationandsignage
215,image4918.jpg,misc
216,image578.jpg,Attire
217,image7939.jpg,Decorationandsignage
218,image5248.jpg,Attire
219,image4645.jpg,Food
220,image10859.jpg,Attire
221,image7742.jpg,misc
222,image10366.jpg,Food
223,image9765.jpg,Food
224,image9238.jpg,Attire
225,image7857.jpg,Attire
226,image1240.jpg,Decorationandsignage
227,image8123.jpg,misc
228,image10304.jpg,misc
229,image4722.jpg,Food
230,image6515.jpg,Food
231,image7727.jpg,Attire
232,image5253.jpg,Food
233,image8843.jpg,Attire
234,image9996.jpg,Attire
235,image3671.jpg,Food
236,image5477.jpg,Attire
237,image8049.jpg,Attire
238,image3948.jpg,Food
239,image2938.jpg,Decorationandsignage
240,image974.jpg,Food
241,image4635.jpg,misc
242,image4113.jpg,Attire
243,image4811.jpg,Attire
244,image6062.jpg,Food
245,image2823.jpg,Food
246,image9168.jpg,Food
247,image2149.jpg,misc
248,image6237.jpg,misc
249,image5350.jpg,Food
250,image10166.jpg,Decorationandsignage
251,image1603.jpg,Attire
252,image3198.jpg,Attire
253,image5806.jpg,Attire
254,image8601.jpg,Attire
255,image4070.jpg,Food
256,image7146.jpg,Food
257,image8820.jpg,Attire
258,image6830.jpg,Food
259,image7457.jpg,misc
260,image917.jpg,Attire
261,image8878.jpg,Food
262,image2894.jpg,Attire
263,image8755.jpg,Decorationandsignage
264,image8217.jpg,Decorationandsignage
265,image10292.jpg,Food
266,image9911.jpg,Food
267,image4697.jpg,Decorationandsignage
268,image9786.jpg,Food
269,image5355.jpg,Attire
270,image3001.jpg,Attire
271,image7922.jpg,Decorationandsignage
272,image3850.jpg,Food
273,image2773.jpg,misc
274,image9296.jpg,Food
275,image9654.jpg,Food
276,image5958.jpg,Food
277,image7994.jpg,Decorationandsignage
278,image10700.jpg,misc
279,image4791.jpg,Food
280,image9423.jpg,Attire
281,image4984.jpg,Food
282,image8742.jpg,Food
283,image3227.jpg,Food
284,image1121.jpg,misc
285,image9557.jpg,misc
286,image5867.jpg,Decorationandsignage
287,image7264.jpg,Attire
288,image82.jpg,Food
289,image2226.jpg,Attire
290,image6487.jpg,Food
291,image1202.jpg,Food
292,image2465.jpg,Decorationandsignage
293,image3124.jpg,Decorationandsignage
294,image10201.jpg,Attire
295,image457.jpg,Food
296,image9449.jpg,Decorationandsignage
297,image3653.jpg,Food
298,image4375.jpg,Attire
299,image8980.jpg,Food
300,image2292.jpg,Attire
301,image4513.jpg,Attire
302,image8710.jpg,misc
303,image5016.jpg,Decorationandsignage
304,image9748.jpg,misc
305,image5256.jpg,Food
306,image8312.jpg,Food
307,image5632.jpg,Attire
308,image8105.jpg,Food
309,image1284.jpg,Food
310,image7303.jpg,Decorationandsignage
311,image282.jpg,Attire
312,image9112.jpg,Attire
313,image597.jpg,misc
314,image3566.jpg,Attire
315,image5083.jpg,Attire
316,image9746.jpg,misc
317,image10072.jpg,Attire
318,image1318.jpg,Attire
319,image5213.jpg,Attire
320,image5362.jpg,Food
321,image5234.jpg,Food
322,image7247.jpg,Attire
323,image6125.jpg,Attire
324,image4569.jpg,Food
325,image9010.jpg,Attire
326,image2279.jpg,Decorationandsignage
327,image7412.jpg,Attire
328,image6559.jpg,Decorationandsignage
329,image455.jpg,Food
330,image8894.jpg,Food
331,image3367.jpg,Decorationandsignage
332,image5736.jpg,misc
333,image350.jpg,Decorationandsignage
334,image5057.jpg,misc
335,image3625.jpg,Decorationandsignage
336,image1920.jpg,Attire
337,image6692.jpg,Food
338,image114.jpg,misc
339,image7115.jpg,Decorationandsignage
340,image7435.jpg,Attire
341,image736.jpg,Food
342,image1053.jpg,Decorationandsignage
343,image6728.jpg,Attire
344,image8227.jpg,Food
345,image7719.jpg,misc
346,image5621.jpg,misc
347,image2428.jpg,Food
348,image389.jpg,Food
349,image10491.jpg,Attire
350,image10780.jpg,Decorationandsignage
351,image8024.jpg,Food
352,image9249.jpg,Food
353,image5716.jpg,Attire
354,image3437.jpg,misc
355,image6943.jpg,Food
356,image10739.jpg,Food
357,image3472.jpg,Attire
358,image10486.jpg,Food
359,image5783.jpg,Food
360,image10164.jpg,misc
361,image3996.jpg,Decorationandsignage
362,image6422.jpg,Attire
363,image8232.jpg,misc
364,image1902.jpg,misc
365,image8672.jpg,Attire
366,image1410.jpg,Decorationandsignage
367,image10408.jpg,Food
368,image10114.jpg,Food
369,image1330.jpg,Food
370,image10314.jpg,Food
371,image7304.jpg,Food
372,image10219.jpg,Food
373,image1964.jpg,Decorationandsignage
374,image6242.jpg,Decorationandsignage
375,image6869.jpg,Attire
376,image1247.jpg,Decorationandsignage
377,image4278.jpg,Decorationandsignage
378,image4481.jpg,Food
379,image7815.jpg,Food
380,image2876.jpg,Decorationandsignage
381,image8673.jpg,Decorationandsignage
382,image1385.jpg,Food
383,image1961.jpg,Food
384,image1323.jpg,Decorationandsignage
385,image3501.jpg,Food
386,image3062.jpg,misc
387,image660.jpg,Food
388,image4938.jpg,Attire
389,image6400.jpg,Food
390,image3552.jpg,misc
391,image8620.jpg,Food
392,image3082.jpg,Food
393,image4376.jpg,Food
394,image6056.jpg,Food
395,image4519.jpg,Food
396,image3271.jpg,Attire
397,image9670.jpg,Attire
398,image1829.jpg,Attire
399,image2360.jpg,Decorationandsignage
400,image1826.jpg,Attire
401,image10228.jpg,Attire
402,image10142.jpg,Attire
403,image9420.jpg,Attire
404,image2640.jpg,misc
405,image9846.jpg,Attire
406,image3006.jpg,Decorationandsignage
407,image6737.jpg,Decorationandsignage
408,image1057.jpg,Attire
409,image9921.jpg,Food
410,image9170.jpg,Attire
411,image1831.jpg,Attire
412,image5552.jpg,Attire
413,image9664.jpg,Food
414,image682.jpg,Decorationandsignage
415,image4465.jpg,misc
416,image9350.jpg,Decorationandsignage
417,image10241.jpg,Attire
418,image2343.jpg,Attire
419,image8018.jpg,Attire
420,image4799.jpg,Food
421,image5730.jpg,Attire
422,image5899.jpg,Food
423,image10468.jpg,Decorationandsignage
424,image935.jpg,Attire
425,image7582.jpg,Attire
426,image10010.jpg,misc
427,image10539.jpg,Food
428,image2748.jpg,Attire
429,image4030.jpg,Decorationandsignage
430,image8274.jpg,misc
431,image6698.jpg,Attire
432,image2274.jpg,misc
433,image3689.jpg,Attire
434,image3428.jpg,Attire
435,image4211.jpg,misc
436,image5215.jpg,Decorationandsignage
437,image5137.jpg,Decorationandsignage
438,image6646.jpg,Food
439,image1277.jpg,misc
440,image2702.jpg,Food
441,image6586.jpg,Decorationandsignage
442,image1797.jpg,misc
443,image8726.jpg,Attire
444,image2762.jpg,Decorationandsignage
445,image5019.jpg,misc
446,image2038.jpg,misc
447,image6359.jpg,Attire
448,image5734.jpg,Decorationandsignage
449,image6738.jpg,Food
450,image9123.jpg,Attire
451,image3595.jpg,misc
452,image896.jpg,Decorationandsignage
453,image119.jpg,Attire
454,image5026.jpg,misc
455,image7345.jpg,Food
456,image2505.jpg,Decorationandsignage
457,image2233.jpg,Attire
458,image5944.jpg,Food
459,image5423.jpg,Attire
460,image8147.jpg,Food
461,image8440.jpg,Attire
462,image8678.jpg,Decorationandsignage
463,image7624.jpg,Attire
464,image2165.jpg,Decorationandsignage
465,image4977.jpg,Food
466,image2730.jpg,Food
467,image8664.jpg,Food
468,image7330.jpg,Decorationandsignage
469,image6851.jpg,misc
470,image473.jpg,misc
471,image8268.jpg,Decorationandsignage
472,image6266.jpg,misc
473,image2253.jpg,misc
474,image3307.jpg,Attire
475,image4245.jpg,Food
476,image8389.jpg,Food
477,image6634.jpg,misc
478,image5377.jpg,Food
479,image2639.jpg,Decorationandsignage
480,image9259.jpg,Attire
481,image7841.jpg,misc
482,image5741.jpg,misc
483,image3714.jpg,Decorationandsignage
484,image5044.jpg,Decorationandsignage
485,image10182.jpg,Food
486,image7178.jpg,Attire
487,image8889.jpg,Decorationandsignage
488,image108.jpg,Attire
489,image1335.jpg,Attire
490,image3221.jpg,misc
491,image10053.jpg,Food
492,image545.jpg,Food
493,image4877.jpg,Food
494,image1351.jpg,Decorationandsignage
495,image3434.jpg,Attire
496,image4931.jpg,misc
497,image9655.jpg,Attire
498,image1163.jpg,Decorationandsignage
499,image5921.jpg,misc
500,image218.jpg,Attire
501,image8028.jpg,Food
502,image5773.jpg,Decorationandsignage
503,image2552.jpg,Attire
504,image6073.jpg,Attire
505,image4128.jpg,Decorationandsignage
506,image3399.jpg,Decorationandsignage
507,image8780.jpg,Decorationandsignage
508,image8288.jpg,Decorationandsignage
509,image1312.jpg,misc
510,image2728.jpg,Attire
511,image5466.jpg,Food
512,image2891.jpg,Food
513,image6623.jpg,misc
514,image3233.jpg,Food
515,image8826.jpg,Attire
516,image3142.jpg,Food
517,image8528.jpg,Food
518,image5032.jpg,Decorationandsignage
519,image3166.jpg,Attire
520,image2711.jpg,misc
521,image4056.jpg,Food
522,image1328.jpg,Decorationandsignage
523,image100.jpg,Attire
524,image4754.jpg,misc
525,image4392.jpg,misc
526,image4434.jpg,Decorationandsignage
527,image8856.jpg,Attire
528,image10427.jpg,misc
529,image5226.jpg,Attire
530,image8104.jpg,Attire
531,image4724.jpg,Attire
532,image7633.jpg,Food
533,image1168.jpg,Attire
534,image4786.jpg,misc
535,image8011.jpg,Food
536,image8417.jpg,Attire
537,image7090.jpg,Food
538,image2742.jpg,misc
539,image9836.jpg,Food
540,image2152.jpg,Food
541,image9057.jpg,Attire
542,image2445.jpg,Attire
543,image2440.jpg,Food
544,image4770.jpg,Decorationandsignage
545,image4480.jpg,Attire
546,image10357.jpg,misc
547,image4556.jpg,Decorationandsignage
548,image3835.jpg,misc
549,image10367.jpg,Attire
550,image5435.jpg,Food
551,image390.jpg,Food
552,image2666.jpg,Food
553,image6566.jpg,Attire
554,image7418.jpg,Attire
555,image7730.jpg,Attire
556,image4740.jpg,Attire
557,image3026.jpg,Food
558,image7839.jpg,Food
559,image8613.jpg,Attire
560,image5270.jpg,Food
561,image4691.jpg,Decorationandsignage
562,image5623.jpg,misc
563,image5711.jpg,Attire
564,image824.jpg,Food
565,image8497.jpg,Food
566,image7446.jpg,Food
567,image5170.jpg,Attire
568,image5244.jpg,misc
569,image5275.jpg,misc
570,image8724.jpg,Decorationandsignage
571,image9345.jpg,Attire
572,image9404.jpg,misc
573,image2750.jpg,Food
574,image1643.jpg,Decorationandsignage
575,image1649.jpg,misc
576,image2932.jpg,Attire
577,image9505.jpg,misc
578,image7172.jpg,Attire
579,image8711.jpg,Attire
580,image238.jpg,Attire
581,image143.jpg,Attire
582,image10568.jpg,Food
583,image2386.jpg,Food
584,image8567.jpg,Food
585,image6931.jpg,Attire
586,image294.jpg,Attire
587,image1165.jpg,Food
588,image5996.jpg,Food
589,image8948.jpg,Attire
590,image7751.jpg,Food
591,image7620.jpg,Food
592,image2520.jpg,Attire
593,image9887.jpg,misc
594,image2024.jpg,Food
595,image6305.jpg,Attire
596,image6000.jpg,Decorationandsignage
597,image1994.jpg,misc
598,image7086.jpg,Food
599,image10365.jpg,Food
600,image4311.jpg,Attire
601,image7338.jpg,Attire
602,image9769.jpg,Attire
603,image571.jpg,Food
604,image10028.jpg,misc
605,image4237.jpg,Food
606,image3728.jpg,Food
607,image2422.jpg,Attire
608,image9222.jpg,misc
609,image4393.jpg,Attire
610,image5645.jpg,Decorationandsignage
611,image8339.jpg,Attire
612,image2410.jpg,Food
613,image3248.jpg,Food
614,image1058.jpg,misc
615,image410.jpg,Decorationandsignage
616,image5468.jpg,Food
617,image9085.jpg,Attire
618,image6324.jpg,Food
619,image3301.jpg,misc
620,image6908.jpg,misc
621,image9429.jpg,misc
622,image126.jpg,Food
623,image9939.jpg,Food
624,image6839.jpg,Attire
625,image1501.jpg,misc
626,image7062.jpg,Attire
627,image5050.jpg,Attire
628,image2184.jpg,Attire
629,image5176.jpg,Food
630,image2045.jpg,Attire
631,image2111.jpg,Decorationandsignage
632,image10073.jpg,Attire
633,image6191.jpg,Attire
634,image10688.jpg,misc
635,image3616.jpg,misc
636,image3215.jpg,Decorationandsignage
637,image7517.jpg,Attire
638,image8107.jpg,misc
639,image6257.jpg,misc
640,image4448.jpg,Food
641,image3410.jpg,Attire
642,image7148.jpg,Food
643,image2910.jpg,Decorationandsignage
644,image7632.jpg,misc
645,image2148.jpg,Decorationandsignage
646,image8549.jpg,Food
647,image10294.jpg,Attire
648,image9523.jpg,Decorationandsignage
649,image6678.jpg,Food
650,image8279.jpg,Food
651,image6021.jpg,Attire
652,image7326.jpg,Attire
653,image8077.jpg,Food
654,image206.jpg,misc
655,image6202.jpg,Food
656,image2633.jpg,Food
657,image4860.jpg,Food
658,image6264.jpg,Food
659,image7164.jpg,Food
660,image5725.jpg,Decorationandsignage
661,image10224.jpg,Attire
662,image5592.jpg,Food
663,image6236.jpg,Decorationandsignage
664,image3745.jpg,misc
665,image8472.jpg,Attire
666,image2918.jpg,Decorationandsignage
667,image3357.jpg,Food
668,image6439.jpg,Decorationandsignage
669,image5767.jpg,misc
670,image6549.jpg,Attire
671,image3250.jpg,Food
672,image3935.jpg,Attire
673,image4983.jpg,Attire
674,image9705.jpg,Attire
675,image7487.jpg,Food
676,image6766.jpg,Attire
677,image8544.jpg,Food
678,image1355.jpg,misc
679,image5782.jpg,Food
680,image1024.jpg,Food
681,image9109.jpg,misc
682,image580.jpg,Attire
683,image3299.jpg,Food
684,image1432.jpg,misc
685,image1926.jpg,Attire
686,image5357.jpg,Attire
687,image1958.jpg,Food
688,image8489.jpg,misc
689,image2764.jpg,Food
690,image8187.jpg,Decorationandsignage
691,image792.jpg,Food
692,image1231.jpg,Food
693,image5140.jpg,Food
694,image5049.jpg,Attire
695,image9525.jpg,Attire
696,image6431.jpg,Attire
697,image662.jpg,Attire
698,image7324.jpg,Decorationandsignage
699,image3762.jpg,Decorationandsignage
700,image5987.jpg,Attire
701,image7498.jpg,Attire
702,image7539.jpg,misc
703,image5356.jpg,Food
704,image9749.jpg,misc
705,image9081.jpg,Attire
706,image7545.jpg,Food
707,image8264.jpg,Decorationandsignage
708,image3005.jpg,Food
709,image7182.jpg,Attire
710,image9561.jpg,Attire
711,image7405.jpg,Decorationandsignage
712,image3999.jpg,Attire
713,image3579.jpg,Food
714,image2503.jpg,Attire
715,image3888.jpg,Attire
716,image3032.jpg,Food
717,image8754.jpg,Food
718,image2167.jpg,Food
719,image8681.jpg,Attire
720,image9995.jpg,Decorationandsignage
721,image8623.jpg,Food
722,image3335.jpg,Food
723,image1609.jpg,Food
724,image1654.jpg,Decorationandsignage
725,image10477.jpg,misc
726,image9319.jpg,Food
727,image2736.jpg,Food
728,image6916.jpg,misc
729,image1969.jpg,Decorationandsignage
730,image3096.jpg,Attire
731,image9330.jpg,misc
732,image3691.jpg,Attire
733,image9986.jpg,misc
734,image10469.jpg,Decorationandsignage
735,image7410.jpg,Food
736,image7123.jpg,Food
737,image5482.jpg,Attire
738,image444.jpg,Food
739,image4478.jpg,misc
740,image10889.jpg,Attire
741,image3289.jpg,Food
742,image6129.jpg,misc
743,image631.jpg,Decorationandsignage
744,image8841.jpg,Food
745,image8610.jpg,Attire
746,image3951.jpg,Attire
747,image7868.jpg,Food
748,image2320.jpg,Attire
749,image10591.jpg,Attire
750,image6734.jpg,Food
751,image8205.jpg,Food
752,image2870.jpg,Food
753,image7528.jpg,Attire
754,image2359.jpg,Decorationandsignage
755,image9372.jpg,misc
756,image1804.jpg,Food
757,image10749.jpg,Decorationandsignage
758,image5862.jpg,Attire
759,image8164.jpg,misc
760,image6548.jpg,Food
761,image5111.jpg,Food
762,image9745.jpg,misc
763,image4838.jpg,Attire
764,image1540.jpg,Attire
765,image10645.jpg,Decorationandsignage
766,image7847.jpg,Food
767,image9782.jpg,Food
768,image9977.jpg,Decorationandsignage
769,image10634.jpg,Attire
770,image6498.jpg,Attire
771,image9461.jpg,Decorationandsignage
772,image7709.jpg,Attire
773,image7127.jpg,Food
774,image9118.jpg,misc
775,image6170.jpg,misc
776,image5245.jpg,Food
777,image9482.jpg,Food
778,image7315.jpg,Attire
779,image3491.jpg,misc
780,image9709.jpg,Decorationandsignage
781,image2846.jpg,misc
782,image6733.jpg,Attire
783,image5460.jpg,Food
784,image4043.jpg,Food
785,image9533.jpg,Decorationandsignage
786,image8824.jpg,Decorationandsignage
787,image4861.jpg,Food
788,image9508.jpg,misc
789,image1556.jpg,Decorationandsignage
790,image1049.jpg,misc
791,image803.jpg,misc
792,image1087.jpg,misc
793,image3627.jpg,Decorationandsignage
794,image8127.jpg,Food
795,image9577.jpg,Food
796,image10819.jpg,Decorationandsignage
797,image10230.jpg,Attire
798,image7740.jpg,Attire
799,image5130.jpg,Food
800,image7241.jpg,Decorationandsignage
801,image6336.jpg,Attire
802,image9105.jpg,Food
803,image9308.jpg,misc
804,image6470.jpg,Attire
805,image7951.jpg,Attire
806,image4766.jpg,Food
807,image4742.jpg,Food
808,image938.jpg,misc
809,image7296.jpg,Decorationandsignage
810,image3829.jpg,Food
811,image3684.jpg,misc
812,image895.jpg,Decorationandsignage
813,image226.jpg,Attire
814,image7564.jpg,Decorationandsignage
815,image10074.jpg,misc
816,image40.jpg,Food
817,image8737.jpg,misc
818,image3243.jpg,Food
819,image1553.jpg,Attire
820,image5822.jpg,misc
821,image9271.jpg,Food
822,image488.jpg,Decorationandsignage
823,image10752.jpg,Attire
824,image2873.jpg,Decorationandsignage
825,image3989.jpg,Attire
826,image2133.jpg,Decorationandsignage
827,image9481.jpg,Food
828,image2243.jpg,Decorationandsignage
829,image1243.jpg,Food
830,image4775.jpg,Decorationandsignage
831,image8600.jpg,Attire
832,image10416.jpg,misc
833,image710.jpg,Attire
834,image665.jpg,Food
835,image10772.jpg,Attire
836,image10804.jpg,Food
837,image4819.jpg,Attire
838,image6352.jpg,Decorationandsignage
839,image7509.jpg,Attire
840,image1035.jpg,Food
841,image6520.jpg,Attire
842,image3094.jpg,Attire
843,image1523.jpg,Food
844,image7944.jpg,Food
845,image10867.jpg,Attire
846,image1874.jpg,Food
847,image5399.jpg,Decorationandsignage
848,image8156.jpg,Food
849,image5854.jpg,misc
850,image4342.jpg,Food
851,image4220.jpg,Food
852,image10457.jpg,Food
853,image4401.jpg,Decorationandsignage
854,image107.jpg,misc
855,image6622.jpg,Decorationandsignage
856,image2423.jpg,Food
857,image3511.jpg,Decorationandsignage
858,image1525.jpg,misc
859,image9661.jpg,misc
860,image4468.jpg,Decorationandsignage
861,image10261.jpg,misc
862,image5324.jpg,misc
863,image6419.jpg,Food
864,image4924.jpg,Attire
865,image1618.jpg,Attire
866,image10065.jpg,Attire
867,image1359.jpg,Decorationandsignage
868,image8763.jpg,Attire
869,image10040.jpg,Decorationandsignage
870,image6163.jpg,Food
871,image8538.jpg,Attire
872,image5654.jpg,Food
873,image6260.jpg,Attire
874,image705.jpg,Decorationandsignage
875,image3615.jpg,Attire
876,image5427.jpg,Food
877,image1362.jpg,Decorationandsignage
878,image10746.jpg,Food
879,image6833.jpg,Food
880,image4008.jpg,Food
881,image9729.jpg,Food
882,image2154.jpg,misc
883,image10697.jpg,misc
884,image1267.jpg,Decorationandsignage
885,image2129.jpg,Decorationandsignage
886,image7658.jpg,Food
887,image4867.jpg,Decorationandsignage
888,image10835.jpg,Food
889,image2884.jpg,Attire
890,image9686.jpg,Attire
891,image10376.jpg,Food
892,image4225.jpg,Attire
893,image7995.jpg,Decorationandsignage
894,image5227.jpg,Food
895,image10737.jpg,Decorationandsignage
896,image8760.jpg,Decorationandsignage
897,image176.jpg,Attire
898,image6094.jpg,Food
899,image2137.jpg,misc
900,image411.jpg,Attire
901,image6153.jpg,Decorationandsignage
902,image8782.jpg,Food
903,image10064.jpg,Food
904,image2425.jpg,Food
905,image956.jpg,Decorationandsignage
906,image394.jpg,Attire
907,image3234.jpg,Food
908,image9351.jpg,misc
909,image1846.jpg,Decorationandsignage
910,image8517.jpg,Decorationandsignage
911,image6871.jpg,Food
912,image1236.jpg,Decorationandsignage
913,image3668.jpg,Attire
914,image8282.jpg,Decorationandsignage
915,image3353.jpg,Attire
916,image7540.jpg,Decorationandsignage
917,image7536.jpg,misc
918,image3055.jpg,Attire
919,image8874.jpg,Decorationandsignage
920,image130.jpg,Food
921,image4412.jpg,Attire
922,image3830.jpg,misc
923,image5634.jpg,Food
924,image9853.jpg,Decorationandsignage
925,image8204.jpg,Attire
926,image6998.jpg,Attire
927,image7927.jpg,Food
928,image5152.jpg,Decorationandsignage
929,image9553.jpg,Food
930,image10388.jpg,misc
931,image10670.jpg,Decorationandsignage
932,image6193.jpg,Food
933,image5097.jpg,Food
934,image8653.jpg,misc
935,image154.jpg,Attire
936,image9889.jpg,Food
937,image2058.jpg,Attire
938,image9867.jpg,Food
939,image10447.jpg,Food
940,image5045.jpg,Decorationandsignage
941,image4253.jpg,misc
942,image8530.jpg,Decorationandsignage
943,image2875.jpg,Attire
944,image8967.jpg,Attire
945,image3196.jpg,Food
946,image10079.jpg,Attire
947,image3975.jpg,misc
948,image6631.jpg,misc
949,image6016.jpg,Food
950,image6791.jpg,misc
951,image7888.jpg,Food
952,image4807.jpg,misc
953,image3777.jpg,misc
954,image4712.jpg,Decorationandsignage
955,image10520.jpg,Attire
956,image2977.jpg,Food
957,image7083.jpg,Food
958,image9343.jpg,misc
959,image6979.jpg,Attire
960,image386.jpg,Decorationandsignage
961,image5486.jpg,Food
962,image5361.jpg,Food
963,image8730.jpg,Food
964,image3023.jpg,Attire
965,image8584.jpg,Decorationandsignage
966,image3246.jpg,Food
967,image878.jpg,Decorationandsignage
968,image10105.jpg,Decorationandsignage
969,image6619.jpg,Decorationandsignage
970,image4382.jpg,Food
971,image7903.jpg,Decorationandsignage
972,image9589.jpg,misc
973,image3961.jpg,Food
974,image7659.jpg,Food
975,image4639.jpg,Decorationandsignage
976,image152.jpg,Food
977,image9790.jpg,misc
978,image2354.jpg,Decorationandsignage
979,image8652.jpg,Food
980,image5124.jpg,Food
981,image8656.jpg,Attire
982,image589.jpg,Food
983,image9866.jpg,Decorationandsignage
984,image9495.jpg,Food
985,image9966.jpg,Food
986,image5682.jpg,Food
987,image8169.jpg,Attire
988,image7768.jpg,Decorationandsignage
989,image10099.jpg,Decorationandsignage
990,image1516.jpg,Food
991,image7198.jpg,Attire
992,image1791.jpg,Food
993,image1346.jpg,Attire
994,image4073.jpg,Food
995,image10682.jpg,Attire
996,image22.jpg,Attire
997,image2317.jpg,Food
998,image3173.jpg,Food
999,image8998.jpg,Food
1000,image4183.jpg,Attire
1001,image6984.jpg,Food
1002,image7667.jpg,Decorationandsignage
1003,image6014.jpg,Food
1004,image2956.jpg,Food
1005,image2216.jpg,Attire
1006,image5364.jpg,Food
1007,image4212.jpg,misc
1008,image8604.jpg,Attire
1009,image6920.jpg,Food
1010,image5813.jpg,Attire
1011,image2953.jpg,Attire
1012,image8358.jpg,Food
1013,image3527.jpg,Attire
1014,image2325.jpg,Food
1015,image8245.jpg,Food
1016,image1856.jpg,Food
1017,image10406.jpg,Food
1018,image3015.jpg,Decorationandsignage
1019,image10451.jpg,misc
1020,image7163.jpg,Food
1021,image1565.jpg,Attire
1022,image2509.jpg,Food
1023,image3279.jpg,Food
1024,image1103.jpg,Attire
1025,image6759.jpg,Food
1026,image3153.jpg,misc
1027,image7965.jpg,misc
1028,image8039.jpg,misc
1029,image9120.jpg,Food
1030,image5264.jpg,Attire
1031,image8462.jpg,Food
1032,image2344.jpg,misc
1033,image3766.jpg,Attire
1034,image4567.jpg,misc
1035,image10654.jpg,Attire
1036,image3896.jpg,Food
1037,image9349.jpg,misc
1038,image905.jpg,Attire
1039,image3431.jpg,misc
1040,image6929.jpg,Decorationandsignage
1041,image7400.jpg,Food
1042,image10394.jpg,Attire
1043,image7663.jpg,Attire
1044,image7199.jpg,Attire
1045,image10194.jpg,Attire
1046,image7604.jpg,Food
1047,image4205.jpg,Attire
1048,image2400.jpg,Food
1049,image8397.jpg,Food
1050,image10200.jpg,Food
1051,image8566.jpg,Attire
1052,image6508.jpg,Attire
1053,image2722.jpg,Food
1054,image1962.jpg,Decorationandsignage
1055,image1629.jpg,Food
1056,image10421.jpg,Food
1057,image3423.jpg,Attire
1058,image7482.jpg,Food
1059,image8299.jpg,misc
1060,image8003.jpg,Food
1061,image4093.jpg,Decorationandsignage
1062,image459.jpg,Attire
1063,image9542.jpg,Attire
1064,image4506.jpg,Decorationandsignage
1065,image5772.jpg,Attire
1066,image4445.jpg,Decorationandsignage
1067,image1223.jpg,Food
1068,image364.jpg,Food
1069,image9549.jpg,Attire
1070,image6185.jpg,Food
1071,image9261.jpg,Food
1072,image6039.jpg,Decorationandsignage
1073,image1013.jpg,Decorationandsignage
1074,image8865.jpg,Decorationandsignage
1075,image10860.jpg,Decorationandsignage
1076,image8708.jpg,misc
1077,image7895.jpg,Attire
1078,image10497.jpg,Attire
1079,image7118.jpg,Attire
1080,image7826.jpg,Attire
1081,image5135.jpg,Food
1082,image3574.jpg,Attire
1083,image9037.jpg,Food
1084,image4134.jpg,Food
1085,image7649.jpg,Food
1086,image7693.jpg,Decorationandsignage
1087,image9575.jpg,Food
1088,image4231.jpg,misc
1089,image2518.jpg,misc
1090,image5926.jpg,misc
1091,image6272.jpg,Attire
1092,image10076.jpg,Food
1093,image4173.jpg,Food
1094,image9333.jpg,Food
1095,image9119.jpg,Food
1096,image3368.jpg,Food
1097,image8482.jpg,misc
1098,image2619.jpg,Attire
1099,image5839.jpg,Attire
1100,image6230.jpg,misc
1101,image10618.jpg,Decorationandsignage
1102,image5407.jpg,Attire
1103,image9858.jpg,misc
1104,image7040.jpg,Attire
1105,image7805.jpg,misc
1106,image10604.jpg,misc
1107,image6618.jpg,Food
1108,image10529.jpg,Food
1109,image156.jpg,Food
1110,image8758.jpg,Food
1111,image2548.jpg,Decorationandsignage
1112,image255.jpg,Attire
1113,image10452.jpg,Food
1114,image9518.jpg,Decorationandsignage
1115,image3320.jpg,Attire
1116,image241.jpg,Decorationandsignage
1117,image8838.jpg,Decorationandsignage
1118,image4431.jpg,Decorationandsignage
1119,image3411.jpg,Attire
1120,image5728.jpg,misc
1121,image209.jpg,Attire
1122,image4223.jpg,Food
1123,image8220.jpg,Decorationandsignage
1124,image6855.jpg,Food
1125,image5674.jpg,Attire
1126,image5627.jpg,Attire
1127,image5425.jpg,misc
1128,image2479.jpg,misc
1129,image9811.jpg,misc
1130,image7499.jpg,Food
1131,image1490.jpg,Food
1132,image4913.jpg,misc
1133,image5420.jpg,Attire
1134,image6608.jpg,Decorationandsignage
1135,image2690.jpg,Attire
1136,image4250.jpg,misc
1137,image9724.jpg,Food
1138,image6744.jpg,Food
1139,image8956.jpg,Food
1140,image3721.jpg,Attire
1141,image6684.jpg,Food
1142,image6493.jpg,Attire
1143,image10764.jpg,Decorationandsignage
1144,image8700.jpg,Food
1145,image9999.jpg,Attire
1146,image4303.jpg,Food
1147,image3278.jpg,Attire
1148,image9721.jpg,Attire
1149,image808.jpg,Attire
1150,image6294.jpg,Food
1151,image4597.jpg,Food
1152,image564.jpg,Decorationandsignage
1153,image6792.jpg,misc
1154,image4781.jpg,Decorationandsignage
1155,image6526.jpg,Food
1156,image4340.jpg,Decorationandsignage
1157,image3561.jpg,Decorationandsignage
1158,image3058.jpg,Attire
1159,image10062.jpg,Food
1160,image4034.jpg,Food
1161,image6095.jpg,Food
1162,image8629.jpg,misc
1163,image2130.jpg,Attire
1164,image1492.jpg,misc
1165,image5677.jpg,misc
1166,image6784.jpg,Attire
1167,image2368.jpg,Attire
1168,image7699.jpg,Food
1169,image6793.jpg,Food
1170,image5143.jpg,Attire
1171,image9049.jpg,misc
1172,image2919.jpg,Food
1173,image5299.jpg,misc
1174,image9036.jpg,misc
1175,image10051.jpg,Decorationandsignage
1176,image5596.jpg,Attire
1177,image3734.jpg,Decorationandsignage
1178,image3329.jpg,Decorationandsignage
1179,image1788.jpg,Decorationandsignage
1180,image5577.jpg,Food
1181,image10249.jpg,Food
1182,image10505.jpg,Attire
1183,image1478.jpg,Attire
1184,image3720.jpg,Decorationandsignage
1185,image2665.jpg,Decorationandsignage
1186,image6083.jpg,Attire
1187,image6877.jpg,Attire
1188,image1077.jpg,Food
1189,image5041.jpg,Food
1190,image10624.jpg,misc
1191,image7808.jpg,misc
1192,image5123.jpg,misc
1193,image4625.jpg,Attire
1194,image1822.jpg,Food
1195,image3150.jpg,Attire
1196,image9269.jpg,Food
1197,image1576.jpg,Food
1198,image1250.jpg,Attire
1199,image4152.jpg,Food
1200,image4547.jpg,Food
1201,image4900.jpg,Attire
1202,image9547.jpg,Attire
1203,image132.jpg,Food
1204,image4038.jpg,Food
1205,image10671.jpg,Food
1206,image2544.jpg,Attire
1207,image2814.jpg,Food
1208,image1644.jpg,Food
1209,image5411.jpg,Decorationandsignage
1210,image5107.jpg,Attire
1211,image4654.jpg,Food
1212,image7957.jpg,misc
1213,image323.jpg,misc
1214,image7029.jpg,Attire
1215,image4704.jpg,Food
1216,image4323.jpg,Decorationandsignage
1217,image7892.jpg,misc
1218,image7631.jpg,Attire
1219,image8110.jpg,misc
1220,image10524.jpg,Attire
1221,image4863.jpg,Food
1222,image6789.jpg,Food
1223,image5084.jpg,Attire
1224,image8094.jpg,Food
1225,image4475.jpg,Food
1226,image5555.jpg,Attire
1227,image9127.jpg,Attire
1228,image7485.jpg,Food
1229,image7685.jpg,Food
1230,image5171.jpg,Attire
1231,image3964.jpg,Decorationandsignage
1232,image4381.jpg,Decorationandsignage
1233,image6702.jpg,Decorationandsignage
1234,image4596.jpg,Attire
1235,image6212.jpg,Food
1236,image4160.jpg,Attire
1237,image5169.jpg,Attire
1238,image10050.jpg,Food
1239,image7989.jpg,Decorationandsignage
1240,image8864.jpg,Attire
1241,image10379.jpg,misc
1242,image6423.jpg,Decorationandsignage
1243,image8017.jpg,Food
1244,image5250.jpg,Attire
1245,image9448.jpg,Attire
1246,image1993.jpg,Attire
1247,image9183.jpg,Food
1248,image8790.jpg,Attire
1249,image7646.jpg,Attire
1250,image3661.jpg,Food
1251,image2430.jpg,misc
1252,image6267.jpg,Food
1253,image9780.jpg,Food
1254,image1552.jpg,Attire
1255,image10643.jpg,Decorationandsignage
1256,image3494.jpg,Decorationandsignage
1257,image4782.jpg,Decorationandsignage
1258,image8327.jpg,Food
1259,image7793.jpg,Decorationandsignage
1260,image4986.jpg,Food
1261,image951.jpg,Food
1262,image2634.jpg,Attire
1263,image5876.jpg,Decorationandsignage
1264,image2096.jpg,Food
1265,image5030.jpg,Food
1266,image3228.jpg,misc
1267,image9341.jpg,Attire
1268,image4767.jpg,Decorationandsignage
1269,image2333.jpg,Food
1270,image3560.jpg,misc
1271,image9462.jpg,Food
1272,image8800.jpg,Decorationandsignage
1273,image9881.jpg,Decorationandsignage
1274,image5271.jpg,Food
1275,image2467.jpg,Food
1276,image6020.jpg,Food
1277,image3652.jpg,Food
1278,image3270.jpg,misc
1279,image9029.jpg,Attire
1280,image689.jpg,Attire
1281,image9989.jpg,Attire
1282,image2280.jpg,Decorationandsignage
1283,image6513.jpg,Attire
1284,image8988.jpg,Food
1285,image3388.jpg,Food
1286,image6666.jpg,Decorationandsignage
1287,image9193.jpg,Attire
1288,image7154.jpg,Attire
1289,image4135.jpg,Decorationandsignage
1290,image846.jpg,Decorationandsignage
1291,image10590.jpg,Food
1292,image3895.jpg,Food
1293,image8427.jpg,Food
1294,image5541.jpg,misc
1295,image10407.jpg,Attire
1296,image7403.jpg,Food
1297,image3014.jpg,Decorationandsignage
1298,image7791.jpg,Attire
1299,image4640.jpg,Food
1300,image6079.jpg,Food
1301,image5737.jpg,misc
1302,image8490.jpg,misc
1303,image6009.jpg,Food
1304,image10246.jpg,Food
1305,image2281.jpg,Attire
1306,image6138.jpg,Attire
1307,image10340.jpg,Attire
1308,image8342.jpg,Food
1309,image8422.jpg,Attire
1310,image2989.jpg,Attire
1311,image9767.jpg,Attire
1312,image10300.jpg,Attire
1313,image8468.jpg,Decorationandsignage
1314,image2278.jpg,Food
1315,image10760.jpg,Food
1316,image7289.jpg,Food
1317,image8333.jpg,Attire
1318,image1449.jpg,Food
1319,image1985.jpg,Decorationandsignage
1320,image10319.jpg,Decorationandsignage
1321,image3872.jpg,Attire
1322,image1768.jpg,misc
1323,image4906.jpg,Food
1324,image1815.jpg,Attire
1325,image6890.jpg,Decorationandsignage
1326,image3216.jpg,Decorationandsignage
1327,image6858.jpg,Food
1328,image3239.jpg,Attire
1329,image9774.jpg,Attire
1330,image5729.jpg,Food
1331,image953.jpg,Attire
1332,image5433.jpg,Attire
1333,image3864.jpg,Decorationandsignage
1334,image1775.jpg,Decorationandsignage
1335,image1306.jpg,Decorationandsignage
1336,image9806.jpg,misc
1337,image2772.jpg,Decorationandsignage
1338,image9175.jpg,Decorationandsignage
1339,image1477.jpg,misc
1340,image10102.jpg,Attire
1341,image6880.jpg,Food
1342,image10537.jpg,Attire
1343,image8660.jpg,Food
1344,image9791.jpg,Food
1345,image4440.jpg,Attire
1346,image6232.jpg,Attire
1347,image3092.jpg,misc
1348,image8087.jpg,Attire
1349,image490.jpg,Food
1350,image10103.jpg,Food
1351,image6903.jpg,Attire
1352,image5927.jpg,Food
1353,image10001.jpg,Food
1354,image6510.jpg,Food
1355,image8930.jpg,Decorationandsignage
1356,image548.jpg,Food
1357,image10252.jpg,Decorationandsignage
1358,image9407.jpg,Attire
1359,image7420.jpg,misc
1360,image8016.jpg,Attire
1361,image6142.jpg,misc
1362,image7195.jpg,Food
1363,image7208.jpg,Food
1364,image1050.jpg,Decorationandsignage
1365,image5177.jpg,Food
1366,image9923.jpg,Decorationandsignage
1367,image759.jpg,Decorationandsignage
1368,image5149.jpg,Attire
1369,image5648.jpg,Decorationandsignage
1370,image7399.jpg,Attire
1371,image5969.jpg,misc
1372,image9436.jpg,Food
1373,image10871.jpg,Attire
1374,image6762.jpg,Food
1375,image10622.jpg,Attire
1376,image3867.jpg,Attire
1377,image8785.jpg,misc
1378,image1118.jpg,Attire
1379,image2507.jpg,Food
1380,image8267.jpg,Food
1381,image3176.jpg,Decorationandsignage
1382,image964.jpg,Food
1383,image1662.jpg,Decorationandsignage
1384,image9004.jpg,Food
1385,image3086.jpg,Decorationandsignage
1386,image1943.jpg,Decorationandsignage
1387,image2995.jpg,misc
1388,image6807.jpg,Attire
1389,image3776.jpg,Decorationandsignage
1390,image3429.jpg,Attire
1391,image10846.jpg,Decorationandsignage
1392,image7873.jpg,misc
1393,image2834.jpg,Attire
1394,image3426.jpg,Attire
1395,image2653.jpg,Decorationandsignage
1396,image1650.jpg,Attire
1397,image7437.jpg,Attire
1398,image1054.jpg,Food
1399,image4373.jpg,Attire
1400,image8090.jpg,Food
1401,image6912.jpg,Food
1402,image7516.jpg,Food
1403,image10725.jpg,Decorationandsignage
1404,image1391.jpg,Attire
1405,image5476.jpg,Attire
1406,image1886.jpg,misc
1407,image10324.jpg,Decorationandsignage
1408,image6864.jpg,misc
1409,image6671.jpg,Attire
1410,image5880.jpg,Food
1411,image7752.jpg,Attire
1412,image7736.jpg,Attire
1413,image197.jpg,Decorationandsignage
1414,image4330.jpg,Food
1415,image10721.jpg,Attire
1416,image8525.jpg,Food
1417,image8572.jpg,Decorationandsignage
1418,image8136.jpg,Attire
1419,image7193.jpg,Food
1420,image2217.jpg,Food
1421,image5181.jpg,Food
1422,image10740.jpg,Food
1423,image452.jpg,Attire
1424,image8027.jpg,Decorationandsignage
1425,image10607.jpg,Food
1426,image4666.jpg,Decorationandsignage
1427,image1342.jpg,Food
1428,image6124.jpg,misc
1429,image7992.jpg,misc
1430,image636.jpg,Food
1431,image10370.jpg,Food
1432,image5182.jpg,Attire
1433,image6613.jpg,misc
1434,image9805.jpg,Attire
1435,image4063.jpg,Food
1436,image7963.jpg,Food
1437,image4100.jpg,Attire
1438,image2960.jpg,Attire
1439,image10461.jpg,misc
1440,image7812.jpg,Attire
1441,image4054.jpg,misc
1442,image6820.jpg,Decorationandsignage
1443,image8917.jpg,Food
1444,image3798.jpg,Attire
1445,image7440.jpg,misc
1446,image6278.jpg,Attire
1447,image8053.jpg,Attire
1448,image4772.jpg,Decorationandsignage
1449,image7287.jpg,Decorationandsignage
1450,image10146.jpg,Attire
1451,image8625.jpg,Food
1452,image10082.jpg,Attire
1453,image8439.jpg,Attire
1454,image9562.jpg,Food
1455,image6517.jpg,Food
1456,image5272.jpg,misc
1457,image5638.jpg,Attire
1458,image314.jpg,Food
1459,image8827.jpg,Food
1460,image2220.jpg,Decorationandsignage
1461,image8201.jpg,Food
1462,image10049.jpg,Attire
1463,image4057.jpg,Decorationandsignage
1464,image1897.jpg,misc
1465,image1079.jpg,Attire
1466,image10302.jpg,Attire
1467,image2118.jpg,Decorationandsignage
1468,image7417.jpg,Food
1469,image9808.jpg,Decorationandsignage
1470,image8086.jpg,Food
1471,image5310.jpg,Decorationandsignage
1472,image6629.jpg,Attire
1473,image3192.jpg,Attire
1474,image7599.jpg,Food
1475,image6614.jpg,Attire
1476,image8175.jpg,Food
1477,image7295.jpg,Attire
1478,image2815.jpg,Decorationandsignage
1479,image4181.jpg,Food
1480,image8723.jpg,Decorationandsignage
1481,image4456.jpg,misc
1482,image10789.jpg,Attire
1483,image1248.jpg,Attire
1484,image10541.jpg,Food
1485,image9753.jpg,Attire
1486,image10426.jpg,Food
1487,image743.jpg,Decorationandsignage
1488,image6239.jpg,Attire
1489,image3112.jpg,Attire
1490,image9936.jpg,Food
1491,image4800.jpg,Decorationandsignage
1492,image6521.jpg,Food
1493,image9599.jpg,Attire
1494,image9885.jpg,Attire
1495,image10474.jpg,Food
1496,image2510.jpg,Attire
1497,image4853.jpg,Food
1498,image8059.jpg,Attire
1499,image7431.jpg,Food
1500,image4919.jpg,Attire
1501,image6992.jpg,Food
1502,image2497.jpg,Decorationandsignage
1503,image5935.jpg,Food
1504,image712.jpg,Attire
1505,image518.jpg,Food
1506,image4851.jpg,Decorationandsignage
1507,image10648.jpg,Food
1508,image5198.jpg,Attire
1509,image7886.jpg,Food
1510,image5246.jpg,misc
1511,image8612.jpg,misc
1512,image1466.jpg,Attire
1513,image1258.jpg,Attire
1514,image5637.jpg,Food
1515,image6048.jpg,Decorationandsignage
1516,image9090.jpg,Attire
1517,image10183.jpg,Food
1518,image1580.jpg,Decorationandsignage
1519,image10420.jpg,misc
1520,image9097.jpg,Food
1521,image9524.jpg,misc
1522,image7416.jpg,Food
1523,image3272.jpg,Attire
1524,image2493.jpg,Food
1525,image9719.jpg,Attire
1526,image8690.jpg,Food
1527,image4677.jpg,Decorationandsignage
1528,image7355.jpg,Attire
1529,image3463.jpg,Attire
1530,image10755.jpg,Food
1531,image10718.jpg,Food
1532,image10616.jpg,misc
1533,image568.jpg,misc
1534,image4019.jpg,Attire
1535,image1238.jpg,misc
1536,image4264.jpg,Attire
1537,image6398.jpg,misc
1538,image4907.jpg,Decorationandsignage
1539,image6428.jpg,Decorationandsignage
1540,image1591.jpg,Decorationandsignage
1541,image3812.jpg,Attire
1542,image10695.jpg,Decorationandsignage
1543,image3724.jpg,Food
1544,image4752.jpg,Attire
1545,image8885.jpg,Attire
1546,image10354.jpg,misc
1547,image10617.jpg,Food
1548,image3859.jpg,Food
1549,image8251.jpg,Decorationandsignage
1550,image8981.jpg,misc
1551,image503.jpg,Attire
1552,image10014.jpg,Food
1553,image8328.jpg,misc
1554,image8607.jpg,Decorationandsignage
1555,image9683.jpg,Attire
1556,image2442.jpg,Food
1557,image7572.jpg,Decorationandsignage
1558,image117.jpg,Attire
1559,image8101.jpg,Decorationandsignage
1560,image9224.jpg,misc
1561,image6972.jpg,Food
1562,image8537.jpg,misc
1563,image6691.jpg,Attire
1564,image10731.jpg,Food
1565,image2376.jpg,misc
1566,image4972.jpg,misc
1567,image9432.jpg,misc
1568,image6810.jpg,Decorationandsignage
1569,image9517.jpg,Food
1570,image8452.jpg,Food
1571,image5787.jpg,Food
1572,image8577.jpg,Decorationandsignage
1573,image5417.jpg,Attire
1574,image5249.jpg,Decorationandsignage
1575,image1990.jpg,Attire
1576,image5279.jpg,Attire
1577,image3079.jpg,misc
1578,image8765.jpg,Decorationandsignage
1579,image3387.jpg,Decorationandsignage
1580,image3481.jpg,misc
1581,image3565.jpg,Decorationandsignage
1582,image6456.jpg,Attire
1583,image6654.jpg,Attire
1584,image3739.jpg,Food
1585,image9283.jpg,Decorationandsignage
1586,image6958.jpg,Attire
1587,image5591.jpg,Attire
1588,image1262.jpg,Attire
1589,image8500.jpg,misc
1590,image6647.jpg,Attire
1591,image5612.jpg,Attire
1592,image5900.jpg,Food
1593,image375.jpg,Food
1594,image5157.jpg,Attire
1595,image10207.jpg,Decorationandsignage
1596,image5082.jpg,Attire
1597,image3427.jpg,Food
1598,image5099.jpg,Food
1599,image6465.jpg,Attire
1600,image10031.jpg,Food
1601,image9005.jpg,Attire
1602,image8362.jpg,Attire
1603,image2579.jpg,Food
1604,image2700.jpg,Attire
1605,image4890.jpg,Decorationandsignage
1606,image6221.jpg,Food
1607,image3391.jpg,Attire
1608,image4123.jpg,Attire
1609,image54.jpg,Attire
1610,image2363.jpg,misc
1611,image5713.jpg,misc
1612,image4532.jpg,Food
1613,image3945.jpg,Food
1614,image5799.jpg,misc
1615,image4627.jpg,Decorationandsignage
1616,image303.jpg,Attire
1617,image9788.jpg,Food
1618,image10275.jpg,misc
1619,image4769.jpg,Attire
1620,image8784.jpg,Decorationandsignage
1621,image1855.jpg,Food
1622,image7782.jpg,Food
1623,image10163.jpg,Attire
1624,image7588.jpg,Food
1625,image8202.jpg,Attire
1626,image8715.jpg,Attire
1627,image8233.jpg,Decorationandsignage
1628,image6516.jpg,Attire
1629,image832.jpg,Attire
1630,image995.jpg,misc
1631,image5432.jpg,Food
1632,image9478.jpg,Food
1633,image9755.jpg,misc
1634,image6224.jpg,Food
1635,image7765.jpg,Food
1636,image3377.jpg,Food
1637,image7606.jpg,Food
1638,image4268.jpg,Attire
1639,image7170.jpg,Food
1640,image2039.jpg,Food
1641,image7386.jpg,Food
1642,image1111.jpg,Decorationandsignage
1643,image8317.jpg,Decorationandsignage
1644,image10052.jpg,Attire
1645,image3562.jpg,Food
1646,image6322.jpg,misc
1647,image6578.jpg,Attire
1648,image6859.jpg,Food
1649,image6482.jpg,Food
1650,image2850.jpg,Food
1651,image7943.jpg,Food
1652,image9202.jpg,Attire
1653,image8054.jpg,Attire
1654,image2983.jpg,Attire
1655,image5382.jpg,Decorationandsignage
1656,image9743.jpg,misc
1657,image4736.jpg,misc
1658,image4719.jpg,Attire
1659,image5189.jpg,Attire
1660,image7000.jpg,Food
1661,image4040.jpg,Food
1662,image4363.jpg,Attire
1663,image2256.jpg,Attire
1664,image4917.jpg,Decorationandsignage
1665,image4911.jpg,Decorationandsignage
1666,image2504.jpg,Food
1667,image502.jpg,Decorationandsignage
1668,image9659.jpg,Attire
1669,image7803.jpg,Attire
1670,image9058.jpg,Attire
1671,image3354.jpg,misc
1672,image4169.jpg,Attire
1673,image4854.jpg,Food
1674,image8419.jpg,Attire
1675,image9280.jpg,misc
1676,image3496.jpg,misc
1677,image7436.jpg,Attire
1678,image6562.jpg,misc
1679,image1496.jpg,Attire
1680,image8257.jpg,Attire
1681,image9698.jpg,misc
1682,image9864.jpg,Food
1683,image1181.jpg,Decorationandsignage
1684,image8311.jpg,Food
1685,image5424.jpg,Attire
1686,image9113.jpg,Food
1687,image4939.jpg,Attire
1688,image5003.jpg,Decorationandsignage
1689,image8968.jpg,Food
1690,image6640.jpg,Food
1691,image5970.jpg,Decorationandsignage
1692,image1195.jpg,Food
1693,image244.jpg,Decorationandsignage
1694,image7954.jpg,Decorationandsignage
1695,image5587.jpg,Attire
1696,image4299.jpg,Food
1697,image658.jpg,Decorationandsignage
1698,image9467.jpg,misc
1699,image9772.jpg,misc
1700,image8067.jpg,Food
1701,image7996.jpg,Food
1702,image965.jpg,Attire
1703,image7821.jpg,Food
1704,image7511.jpg,Attire
1705,image3839.jpg,Food
1706,image563.jpg,Attire
1707,image8603.jpg,Food
1708,image7430.jpg,Attire
1709,image10484.jpg,Attire
1710,image6068.jpg,Food
1711,image4692.jpg,misc
1712,image8271.jpg,Attire
1713,image8957.jpg,Food
1714,image6488.jpg,Food
1715,image5015.jpg,Food
1716,image6854.jpg,misc
1717,image6350.jpg,Food
1718,image8622.jpg,Food
1719,image7157.jpg,Food
1720,image8641.jpg,Food
1721,image2934.jpg,Decorationandsignage
1722,image10632.jpg,misc
1723,image1356.jpg,Decorationandsignage
1724,image4678.jpg,misc
1725,image4274.jpg,Decorationandsignage
1726,image109.jpg,misc
1727,image8803.jpg,Food
1728,image8381.jpg,Food
1729,image5770.jpg,Attire
1730,image9862.jpg,Attire
1731,image3970.jpg,Attire
1732,image5150.jpg,Attire
1733,image8347.jpg,Food
1734,image6994.jpg,misc
1735,image4732.jpg,Food
1736,image5579.jpg,Attire
1737,image6969.jpg,Food
1738,image10222.jpg,Food
1739,image2052.jpg,misc
1740,image8428.jpg,Food
1741,image75.jpg,Decorationandsignage
1742,image10094.jpg,misc
1743,image5565.jpg,Food
1744,image7414.jpg,Decorationandsignage
1745,image2682.jpg,Food
1746,image4884.jpg,Food
1747,image5641.jpg,Attire
1748,image8775.jpg,Decorationandsignage
1749,image10586.jpg,misc
1750,image9639.jpg,Decorationandsignage
1751,image10558.jpg,Decorationandsignage
1752,image4682.jpg,misc
1753,image3245.jpg,Food
1754,image9177.jpg,Food
1755,image6097.jpg,misc
1756,image2365.jpg,Decorationandsignage
1757,image2974.jpg,Food
1758,image7640.jpg,Decorationandsignage
1759,image4699.jpg,Decorationandsignage
1760,image3097.jpg,Attire
1761,image9604.jpg,misc
1762,image10397.jpg,Attire
1763,image5538.jpg,Decorationandsignage
1764,image6246.jpg,Attire
1765,image4259.jpg,Attire
1766,image480.jpg,Food
1767,image8055.jpg,misc
1768,image9250.jpg,Attire
1769,image4846.jpg,Food
1770,image339.jpg,Decorationandsignage
1771,image3740.jpg,Decorationandsignage
1772,image1480.jpg,Attire
1773,image1209.jpg,Food
1774,image8239.jpg,Food
1775,image4949.jpg,Food
1776,image4564.jpg,Decorationandsignage
1777,image1429.jpg,Food
1778,image8300.jpg,misc
1779,image6019.jpg,Attire
1780,image5605.jpg,Food
1781,image9422.jpg,Attire
1782,image4293.jpg,Attire
1783,image3136.jpg,misc
1784,image5511.jpg,misc
1785,image10056.jpg,misc
1786,image7117.jpg,misc
1787,image63.jpg,Attire
1788,image423.jpg,Food
1789,image7753.jpg,Food
1790,image5858.jpg,Attire
1791,image9920.jpg,misc
1792,image5295.jpg,Food
1793,image2511.jpg,Decorationandsignage
1794,image5038.jpg,Food
1795,image461.jpg,Food
1796,image3575.jpg,Attire
1797,image10098.jpg,Food
1798,image10519.jpg,Food
1799,image9665.jpg,Food
1800,image10157.jpg,misc
1801,image8912.jpg,Decorationandsignage
1802,image10650.jpg,Food
1803,image1695.jpg,Attire
1804,image7519.jpg,Food
1805,image7026.jpg,Attire
1806,image9145.jpg,Food
1807,image6286.jpg,misc
1808,image6006.jpg,Attire
1809,image10579.jpg,misc
1810,image994.jpg,Attire
1811,image1303.jpg,Food
1812,image5706.jpg,Decorationandsignage
1813,image6512.jpg,Attire
1814,image5475.jpg,Decorationandsignage
1815,image3211.jpg,Decorationandsignage
1816,image5868.jpg,Attire
1817,image6985.jpg,Attire
1818,image8764.jpg,Attire
1819,image4903.jpg,Decorationandsignage
1820,image175.jpg,Food
1821,image5283.jpg,Attire
1822,image5668.jpg,Food
1823,image9551.jpg,Food
1824,image10813.jpg,Food
1825,image7294.jpg,Attire
1826,image6672.jpg,misc
1827,image6818.jpg,Attire
1828,image10837.jpg,Attire
1829,image8373.jpg,Decorationandsignage
1830,image6347.jpg,misc
1831,image5077.jpg,misc
1832,image122.jpg,Attire
1833,image3425.jpg,misc
1834,image4127.jpg,Attire
1835,image4585.jpg,Attire
1836,image6591.jpg,Food
1837,image6648.jpg,Food
1838,image4886.jpg,misc
1839,image7222.jpg,Food
1840,image8506.jpg,Attire
1841,image6483.jpg,Food
1842,image3362.jpg,Decorationandsignage
1843,image1215.jpg,misc
1844,image8650.jpg,Attire
1845,image4017.jpg,Attire
1846,image722.jpg,Attire
1847,image4955.jpg,Food
1848,image9206.jpg,Attire
1849,image4546.jpg,Food
1850,image9975.jpg,misc
1851,image2774.jpg,Food
1852,image8070.jpg,Attire
1853,image9480.jpg,Food
1854,image4355.jpg,Food
1855,image9207.jpg,misc
1856,image1692.jpg,Attire
1857,image5335.jpg,Decorationandsignage
1858,image7548.jpg,Food
1859,image10459.jpg,misc
1860,image8277.jpg,Attire
1861,image5732.jpg,Food
1862,image4805.jpg,Attire
1863,image4460.jpg,Attire
1864,image3356.jpg,Food
1865,image5873.jpg,Food
1866,image10653.jpg,Food
1867,image5872.jpg,misc
1868,image2708.jpg,Food
1869,image7141.jpg,Food
1870,image6200.jpg,Food
1871,image7110.jpg,Food
1872,image9759.jpg,Attire
1873,image1813.jpg,Attire
1874,image6353.jpg,misc
1875,image484.jpg,Decorationandsignage
1876,image7537.jpg,Attire
1877,image2238.jpg,misc
1878,image2297.jpg,Decorationandsignage
1879,image4421.jpg,Attire
1880,image3765.jpg,Food
1881,image5008.jpg,Attire
1882,image10077.jpg,Attire
1883,image9069.jpg,Food
1884,image9273.jpg,Attire
1885,image7135.jpg,Food
1886,image1206.jpg,Food
1887,image5236.jpg,Attire
1888,image10832.jpg,misc
1889,image3554.jpg,Attire
1890,image10637.jpg,misc
1891,image5470.jpg,misc
1892,image6443.jpg,Attire
1893,image1948.jpg,Decorationandsignage
1894,image3897.jpg,Attire
1895,image5692.jpg,misc
1896,image4970.jpg,Food
1897,image7597.jpg,Attire
1898,image2194.jpg,misc
1899,image9576.jpg,Food
1900,image8761.jpg,Attire
1901,image7081.jpg,Decorationandsignage
1902,image6330.jpg,misc
1903,image5704.jpg,misc
1904,image9234.jpg,Food
1905,image9647.jpg,Decorationandsignage
1906,image9107.jpg,misc
1907,image1098.jpg,Decorationandsignage
1908,image5330.jpg,Food
1909,image2159.jpg,Decorationandsignage
1910,image7105.jpg,Attire
1911,image365.jpg,Food
1912,image7160.jpg,misc
1913,image8465.jpg,Attire
1914,image4125.jpg,Attire
1915,image6556.jpg,Decorationandsignage
1916,image9458.jpg,misc
1917,image6148.jpg,Attire
1918,image10521.jpg,Attire
1919,image1938.jpg,Attire
1920,image4601.jpg,Attire
1921,image721.jpg,Attire
1922,image7060.jpg,Attire
1923,image4252.jpg,misc
1924,image3871.jpg,Attire
1925,image6495.jpg,Food
1926,image7862.jpg,Food
1927,image4929.jpg,Decorationandsignage
1928,image6271.jpg,Food
1929,image297.jpg,Attire
1930,image10444.jpg,Food
1931,image6120.jpg,Food
1932,image6491.jpg,Attire
1933,image6927.jpg,Food
1934,image837.jpg,misc
1935,image8938.jpg,Food
1936,image6165.jpg,Attire
1937,image2155.jpg,Attire
1938,image552.jpg,Attire
1939,image4059.jpg,Food
1940,image5672.jpg,Attire
1941,image4510.jpg,Decorationandsignage
1942,image8901.jpg,Food
1943,image10456.jpg,Attire
1944,image7301.jpg,Decorationandsignage
1945,image7717.jpg,Food
1946,image4821.jpg,Food
1947,image409.jpg,Attire
1948,image6201.jpg,Food
1949,image9143.jpg,Food
1950,image3813.jpg,Decorationandsignage
1951,image4675.jpg,Decorationandsignage
1952,image3538.jpg,Food
1953,image1124.jpg,Attire
1954,image10044.jpg,Attire
1955,image8667.jpg,Decorationandsignage
1956,image914.jpg,Attire
1957,image9334.jpg,Decorationandsignage
1958,image133.jpg,Attire
1959,image8941.jpg,Food
1960,image6706.jpg,Attire
1961,image10039.jpg,Food
1962,image8952.jpg,Food
1963,image5421.jpg,Attire
1964,image4459.jpg,Food
1965,image9199.jpg,Decorationandsignage
1966,image1333.jpg,Decorationandsignage
1967,image6111.jpg,misc
1968,image7380.jpg,Food
1969,image8772.jpg,Attire
1970,image5326.jpg,misc
1971,image10417.jpg,Attire
1972,image5835.jpg,Attire
1973,image494.jpg,misc
1974,image7761.jpg,Food
1975,image7255.jpg,Attire
1976,image5455.jpg,Attire
1977,image8543.jpg,Attire
1978,image8030.jpg,Attire
1979,image2608.jpg,Attire
1980,image1573.jpg,Food
1981,image1137.jpg,Decorationandsignage
1982,image871.jpg,Attire
1983,image1665.jpg,Attire
1984,image926.jpg,Decorationandsignage
1985,image1074.jpg,Attire
1986,image284.jpg,Food
1987,image8573.jpg,Decorationandsignage
1988,image1570.jpg,Decorationandsignage
1989,image4901.jpg,Attire
1990,image6511.jpg,misc
1991,image7143.jpg,Food
1992,image8241.jpg,Food
1993,image403.jpg,Food
1994,image1927.jpg,Food
1995,image9332.jpg,Attire
1996,image6379.jpg,Attire
1997,image7442.jpg,Decorationandsignage
1998,image8965.jpg,Food
1999,image2064.jpg,Attire
2000,image5325.jpg,Food
2001,image3922.jpg,Attire
2002,image8828.jpg,Food
2003,image10829.jpg,Food
2004,image10240.jpg,Attire
2005,image9242.jpg,Attire
2006,image4746.jpg,Attire
2007,image8269.jpg,Decorationandsignage
2008,image4583.jpg,misc
2009,image239.jpg,Food
2010,image8115.jpg,Food
2011,image10093.jpg,Decorationandsignage
2012,image10877.jpg,misc
2013,image3340.jpg,Attire
2014,image7460.jpg,Food
2015,image9876.jpg,Attire
2016,image7325.jpg,misc
2017,image4147.jpg,Food
2018,image3939.jpg,Decorationandsignage
2019,image2207.jpg,Decorationandsignage
2020,image4387.jpg,Food
2021,image1092.jpg,Decorationandsignage
2022,image9760.jpg,misc
2023,image8739.jpg,Food
2024,image4835.jpg,Food
2025,image4804.jpg,Food
2026,image9064.jpg,Decorationandsignage
2027,image5574.jpg,Food
2028,image10206.jpg,Attire
2029,image7952.jpg,Attire
2030,image6187.jpg,Attire
2031,image8493.jpg,Attire
2032,image3235.jpg,Attire
2033,image10876.jpg,Decorationandsignage
2034,image5467.jpg,Decorationandsignage
2035,image10613.jpg,Attire
2036,image5932.jpg,Attire
2037,image7872.jpg,Food
2038,image3025.jpg,misc
2039,image8064.jpg,Attire
2040,image3348.jpg,Food
2041,image1452.jpg,Food
2042,image2237.jpg,Decorationandsignage
2043,image252.jpg,Food
2044,image3417.jpg,misc
2045,image10250.jpg,Decorationandsignage
2046,image4590.jpg,misc
2047,image8503.jpg,Food
2048,image6065.jpg,Attire
2049,image7501.jpg,misc
2050,image9783.jpg,Attire
2051,image1259.jpg,Food
2052,image8947.jpg,Decorationandsignage
2053,image10430.jpg,misc
2054,image7318.jpg,Attire
2055,image7411.jpg,Attire
2056,image8794.jpg,Decorationandsignage
2057,image6822.jpg,Food
2058,image6033.jpg,misc
2059,image4837.jpg,Attire
2060,image10271.jpg,Attire
2061,image9829.jpg,Attire
2062,image4362.jpg,Food
2063,image76.jpg,Food
2064,image7129.jpg,Attire
2065,image5765.jpg,Attire
2066,image5398.jpg,Food
2067,image10170.jpg,misc
2068,image6269.jpg,Food
2069,image7534.jpg,misc
2070,image9744.jpg,Food
2071,image7098.jpg,Food
2072,image9915.jpg,Attire
2073,image9089.jpg,Food
2074,image5691.jpg,Attire
2075,image6297.jpg,Attire
2076,image4477.jpg,Food
2077,image4013.jpg,Food
2078,image5520.jpg,Food
2079,image3529.jpg,Decorationandsignage
2080,image6067.jpg,Attire
2081,image1198.jpg,Attire
2082,image3081.jpg,Food
2083,image9347.jpg,misc
2084,image8831.jpg,Decorationandsignage
2085,image6026.jpg,Attire
2086,image6925.jpg,Decorationandsignage
2087,image10084.jpg,Food
2088,image6558.jpg,Decorationandsignage
2089,image7672.jpg,Decorationandsignage
2090,image1534.jpg,misc
2091,image1471.jpg,misc
2092,image7512.jpg,Food
2093,image9612.jpg,misc
2094,image6729.jpg,Food
2095,image4067.jpg,misc
2096,image3738.jpg,Attire
2097,image1774.jpg,misc
2098,image5673.jpg,Attire
2099,image8276.jpg,Attire
2100,image2984.jpg,Attire
2101,image770.jpg,Decorationandsignage
2102,image7344.jpg,Food
2103,image8102.jpg,misc
2104,image7850.jpg,misc
2105,image989.jpg,Food
2106,image6758.jpg,Attire
2107,image7934.jpg,Food
2108,image7220.jpg,Decorationandsignage
2109,image4010.jpg,misc
2110,image5488.jpg,misc
2111,image7275.jpg,Attire
2112,image10831.jpg,misc
2113,image4325.jpg,Attire
2114,image2323.jpg,Food
2115,image10664.jpg,misc
2116,image8149.jpg,Attire
2117,image8478.jpg,Food
2118,image3326.jpg,Food
2119,image9688.jpg,Attire
2120,image5392.jpg,Decorationandsignage
2121,image4607.jpg,Food
2122,image7535.jpg,Attire
2123,image9419.jpg,Attire
2124,image1721.jpg,Attire
2125,image8927.jpg,Attire
2126,image6448.jpg,Food
2127,image9770.jpg,Attire
2128,image5439.jpg,Decorationandsignage
2129,image5408.jpg,Decorationandsignage
2130,image3642.jpg,Attire
2131,image7024.jpg,Food
2132,image2441.jpg,misc
2133,image1915.jpg,Decorationandsignage
2134,image5843.jpg,Decorationandsignage
2135,image4751.jpg,Attire
2136,image6109.jpg,Food
2137,image4046.jpg,Food
2138,image818.jpg,misc
2139,image1906.jpg,Attire
2140,image4718.jpg,misc
2141,image1624.jpg,Food
2142,image2751.jpg,misc
2143,image2550.jpg,misc
2144,image6579.jpg,Attire
2145,image9490.jpg,Food
2146,image371.jpg,Decorationandsignage
2147,image7068.jpg,misc
2148,image10567.jpg,Attire
2149,image347.jpg,Decorationandsignage
2150,image9792.jpg,Attire
2151,image6210.jpg,Attire
2152,image6207.jpg,misc
2153,image4214.jpg,Food
2154,image4151.jpg,Decorationandsignage
2155,image1756.jpg,Food
2156,image7916.jpg,Attire
2157,image2242.jpg,Attire
2158,image1558.jpg,Attire
2159,image8740.jpg,Decorationandsignage
2160,image2621.jpg,misc
2161,image7860.jpg,Attire
2162,image4771.jpg,misc
2163,image1696.jpg,Food
2164,image3586.jpg,misc
2165,image4053.jpg,Food
2166,image6690.jpg,Attire
2167,image4721.jpg,Food
2168,image7048.jpg,Decorationandsignage
2169,image9928.jpg,Food
2170,image6636.jpg,Decorationandsignage
2171,image7283.jpg,Food
2172,image1146.jpg,Decorationandsignage
2173,image6543.jpg,Food
2174,image3709.jpg,Attire
2175,image1430.jpg,misc
2176,image8321.jpg,Food
2177,image8165.jpg,Attire
2178,image7523.jpg,misc
2179,image10269.jpg,Decorationandsignage
2180,image7738.jpg,misc
2181,image10481.jpg,Attire
2182,image7188.jpg,Food
2183,image10598.jpg,misc
2184,image8545.jpg,Attire
2185,image2116.jpg,Attire
2186,image2833.jpg,Decorationandsignage
2187,image4315.jpg,Attire
2188,image8619.jpg,Decorationandsignage
2189,image3147.jpg,Attire
2190,image10133.jpg,Food
2191,image6831.jpg,Attire
2192,image3117.jpg,Attire
2193,image2035.jpg,Attire
2194,image5042.jpg,Food
2195,image9802.jpg,Decorationandsignage
2196,image3052.jpg,Attire
2197,image4018.jpg,Food
2198,image1562.jpg,Food
2199,image10743.jpg,Attire
2200,image6088.jpg,misc
2201,image10765.jpg,Food
2202,image8099.jpg,Food
2203,image7217.jpg,Attire
2204,image10542.jpg,Food
2205,image1055.jpg,Food
2206,image6620.jpg,Attire
2207,image7549.jpg,Decorationandsignage
2208,image6577.jpg,Decorationandsignage
2209,image2806.jpg,misc
2210,image6507.jpg,Attire
2211,image9501.jpg,Attire
2212,image4068.jpg,Decorationandsignage
2213,image4487.jpg,Decorationandsignage
2214,image5583.jpg,Attire
2215,image8379.jpg,Attire
2216,image6288.jpg,misc
2217,image8412.jpg,misc
2218,image5472.jpg,Food
2219,image7352.jpg,Food
2220,image1524.jpg,Attire
2221,image979.jpg,misc
2222,image2335.jpg,Decorationandsignage
2223,image3634.jpg,Food
2224,image10662.jpg,Attire
2225,image6084.jpg,misc
2226,image7130.jpg,Food
2227,image3359.jpg,Attire
2228,image10555.jpg,Attire
2229,image4659.jpg,Attire
2230,image7281.jpg,Decorationandsignage
2231,image10418.jpg,Food
2232,image4284.jpg,Food
2233,image5311.jpg,Food
2234,image4843.jpg,misc
2235,image9380.jpg,Food
2236,image2337.jpg,misc
2237,image8595.jpg,Food
2238,image2382.jpg,Decorationandsignage
2239,image7212.jpg,misc
2240,image10809.jpg,Decorationandsignage
2241,image1982.jpg,misc
2242,image7977.jpg,Food
2243,image2286.jpg,misc
2244,image7425.jpg,Attire
2245,image8183.jpg,Decorationandsignage
2246,image2500.jpg,Food
2247,image2745.jpg,Attire
2248,image6900.jpg,Food
2249,image10026.jpg,misc
2250,image10023.jpg,misc
2251,image5242.jpg,Attire
2252,image8103.jpg,Attire
2253,image8682.jpg,Decorationandsignage
2254,image9587.jpg,Attire
2255,image8292.jpg,Decorationandsignage
2256,image6693.jpg,Food
2257,image396.jpg,Food
2258,image2287.jpg,Food
2259,image5451.jpg,Food
2260,image1465.jpg,misc
2261,image1112.jpg,Attire
2262,image10761.jpg,Food
2263,image10236.jpg,Decorationandsignage
2264,image9933.jpg,Attire
2265,image10628.jpg,Attire
2266,image9361.jpg,Decorationandsignage
2267,image7565.jpg,misc
2268,image8676.jpg,Attire
2269,image8144.jpg,Food
2270,image2331.jpg,Food
2271,image9393.jpg,Food
2272,image1691.jpg,Attire
2273,image4228.jpg,Attire
2274,image3122.jpg,Attire
2275,image7853.jpg,misc
2276,image8751.jpg,Food
2277,image3675.jpg,Attire
2278,image600.jpg,Attire
2279,image1320.jpg,Decorationandsignage
2280,image8546.jpg,Attire
2281,image7311.jpg,misc
2282,image3127.jpg,misc
2283,image6575.jpg,Attire
2284,image3218.jpg,Decorationandsignage
2285,image744.jpg,misc
2286,image10231.jpg,Attire
2287,image3409.jpg,Attire
2288,image2643.jpg,Attire
2289,image2668.jpg,Decorationandsignage
2290,image7328.jpg,Attire
2291,image2835.jpg,Decorationandsignage
2292,image3889.jpg,misc
2293,image6074.jpg,Food
2294,image8121.jpg,Decorationandsignage
2295,image1370.jpg,Food
2296,image3865.jpg,misc
2297,image4270.jpg,Attire
2298,image2314.jpg,Attire
2299,image9278.jpg,Food
2300,image1325.jpg,Attire
2301,image8513.jpg,misc
2302,image892.jpg,misc
2303,image7041.jpg,Decorationandsignage
2304,image7377.jpg,Food
2305,image4344.jpg,Decorationandsignage
2306,image4476.jpg,misc
2307,image7801.jpg,misc
2308,image1039.jpg,Attire
2309,image4200.jpg,Decorationandsignage
2310,image3441.jpg,Food
2311,image279.jpg,misc
2312,image8120.jpg,Decorationandsignage
2313,image1737.jpg,Food
2314,image2139.jpg,Food
2315,image7248.jpg,Food
2316,image6826.jpg,Attire
2317,image723.jpg,Attire
2318,image10005.jpg,Decorationandsignage
2319,image2838.jpg,Food
2320,image3814.jpg,Food
2321,image6743.jpg,misc
2322,image10774.jpg,misc
2323,image9256.jpg,Food
2324,image8192.jpg,Decorationandsignage
2325,image4780.jpg,Food
2326,image194.jpg,Food
2327,image2053.jpg,Food
2328,image1773.jpg,Attire
2329,image8434.jpg,Attire
2330,image6863.jpg,Attire
2331,image2794.jpg,Attire
2332,image5095.jpg,Food
2333,image5230.jpg,misc
2334,image1673.jpg,Food
2335,image10037.jpg,Attire
2336,image5733.jpg,Attire
2337,image5842.jpg,Food
2338,image1142.jpg,Decorationandsignage
2339,image10350.jpg,Attire
2340,image2729.jpg,misc
2341,image7474.jpg,Food
2342,image10245.jpg,Food
2343,image6040.jpg,Decorationandsignage
2344,image9140.jpg,Attire
2345,image725.jpg,Attire
2346,image9998.jpg,Attire
2347,image10777.jpg,misc
2348,image2387.jpg,Food
2349,image1519.jpg,Decorationandsignage
2350,image153.jpg,Decorationandsignage
2351,image1399.jpg,misc
2352,image7666.jpg,Food
2353,image8966.jpg,Attire
2354,image5319.jpg,Attire
2355,image2049.jpg,misc
2356,image4557.jpg,Attire
2357,image10009.jpg,Food
2358,image9314.jpg,Food
2359,image424.jpg,misc
2360,image5046.jpg,Food
2361,image514.jpg,Food
2362,image8108.jpg,Food
2363,image9121.jpg,Food
2364,image1075.jpg,Attire
2365,image5481.jpg,Food
2366,image6528.jpg,Decorationandsignage
2367,image668.jpg,Attire
2368,image9696.jpg,Decorationandsignage
2369,image9799.jpg,Attire
2370,image3109.jpg,misc
2371,image5671.jpg,Food
2372,image8421.jpg,misc
2373,image9878.jpg,misc
2374,image312.jpg,Food
2375,image4628.jpg,Attire
2376,image10518.jpg,Attire
2377,image8398.jpg,Food
2378,image5266.jpg,Decorationandsignage
2379,image3551.jpg,Food
2380,image9884.jpg,Attire
2381,image2912.jpg,Attire
2382,image8527.jpg,Food
2383,image3876.jpg,Attire
2384,image4650.jpg,misc
2385,image8994.jpg,Attire
2386,image6463.jpg,misc
2387,image3319.jpg,Food
2388,image7106.jpg,Decorationandsignage
2389,image4473.jpg,Attire
2390,image493.jpg,Food
2391,image6981.jpg,misc
2392,image2789.jpg,Decorationandsignage
2393,image4892.jpg,misc
2394,image8657.jpg,misc
2395,image6182.jpg,Decorationandsignage
2396,image2659.jpg,Food
2397,image1503.jpg,Decorationandsignage
2398,image9098.jpg,Food
2399,image10330.jpg,Decorationandsignage
2400,image5156.jpg,Attire
2401,image10770.jpg,Attire
2402,image8291.jpg,Food
2403,image3736.jpg,misc
2404,image8853.jpg,Food
2405,image1840.jpg,Food
2406,image8349.jpg,Decorationandsignage
2407,image10510.jpg,misc
2408,image4674.jpg,Food
2409,image5274.jpg,misc
2410,image8645.jpg,Attire
2411,image10501.jpg,misc
2412,image5675.jpg,misc
2413,image6847.jpg,misc
2414,image10124.jpg,Attire
2415,image5216.jpg,misc
2416,image4308.jpg,Attire
2417,image2575.jpg,Attire
2418,image4207.jpg,Decorationandsignage
2419,image2777.jpg,Attire
2420,image9220.jpg,Food
2421,image324.jpg,Food
2422,image9942.jpg,Attire
2423,image6968.jpg,Attire
2424,image4184.jpg,Attire
2425,image8551.jpg,Decorationandsignage
2426,image7096.jpg,Food
2427,image819.jpg,Attire
2428,image8532.jpg,Decorationandsignage
2429,image2391.jpg,Food
2430,image9972.jpg,Attire
2431,image8177.jpg,Attire
2432,image8688.jpg,misc
2433,image8473.jpg,misc
2434,image7272.jpg,Attire
2435,image1960.jpg,Decorationandsignage
2436,image2142.jpg,Food
2437,image4031.jpg,misc
2438,image10238.jpg,misc
2439,image6130.jpg,Attire
2440,image9352.jpg,Decorationandsignage
2441,image4866.jpg,misc
2442,image8593.jpg,misc
2443,image462.jpg,Food
2444,image4156.jpg,misc
2445,image4549.jpg,Attire
2446,image3648.jpg,Decorationandsignage
2447,image3550.jpg,Decorationandsignage
2448,image9964.jpg,Attire
2449,image2483.jpg,misc
2450,image7371.jpg,Food
2451,image1613.jpg,Attire
2452,image7959.jpg,Food
2453,image1625.jpg,Food
2454,image3570.jpg,Decorationandsignage
2455,image9418.jpg,misc
2456,image7132.jpg,Decorationandsignage
2457,image572.jpg,Food
2458,image5761.jpg,Food
2459,image6255.jpg,Food
2460,image1263.jpg,misc
2461,image7421.jpg,Food
2462,image2955.jpg,Food
2463,image8675.jpg,Attire
2464,image6670.jpg,Attire
2465,image4341.jpg,misc
2466,image6399.jpg,misc
2467,image4680.jpg,Decorationandsignage
2468,image5020.jpg,Decorationandsignage
2469,image3177.jpg,Food
2470,image10024.jpg,Food
2471,image2205.jpg,Decorationandsignage
2472,image7142.jpg,misc
2473,image10027.jpg,Attire
2474,image8485.jpg,Food
2475,image2330.jpg,Food
2476,image4337.jpg,Attire
2477,image10874.jpg,misc
2478,image9219.jpg,Food
2479,image5849.jpg,Food
2480,image4889.jpg,Attire
2481,image10364.jpg,Food
2482,image9824.jpg,Attire
2483,image6213.jpg,misc
2484,image10429.jpg,Food
2485,image9453.jpg,misc
2486,image9411.jpg,Food
2487,image9020.jpg,Food
2488,image7827.jpg,Food
2489,image9405.jpg,Attire
2490,image9961.jpg,Attire
2491,image335.jpg,Food
2492,image8174.jpg,Food
2493,image4848.jpg,misc
2494,image8733.jpg,misc
2495,image367.jpg,Decorationandsignage
2496,image7015.jpg,Food
2497,image9181.jpg,Attire
2498,image8199.jpg,Decorationandsignage
2499,image3057.jpg,Food
2500,image923.jpg,Decorationandsignage
2501,image1716.jpg,Food
2502,image10411.jpg,Food
2503,image8725.jpg,Decorationandsignage
2504,image7559.jpg,Food
2505,image4717.jpg,Food
2506,image4910.jpg,Attire
2507,image8921.jpg,Decorationandsignage
2508,image4399.jpg,Food
2509,image1245.jpg,Decorationandsignage
2510,image9437.jpg,Attire
2511,image2601.jpg,Food
2512,image4074.jpg,Decorationandsignage
2513,image7772.jpg,Attire
2514,image5443.jpg,Attire
2515,image8150.jpg,Food
2516,image1123.jpg,Food
2517,image5048.jpg,Decorationandsignage
2518,image10748.jpg,Decorationandsignage
2519,image9978.jpg,Attire
2520,image5315.jpg,Decorationandsignage
2521,image10552.jpg,Decorationandsignage
2522,image7495.jpg,misc
2523,image1653.jpg,Food
2524,image6025.jpg,Attire
2525,image5500.jpg,Food
2526,image6536.jpg,Attire
2527,image5533.jpg,Food
2528,image7445.jpg,Attire
2529,image10827.jpg,Food
2530,image6231.jpg,Attire
2531,image4334.jpg,Food
2532,image9712.jpg,misc
2533,image5588.jpg,Decorationandsignage
2534,image215.jpg,Food
2535,image2896.jpg,Decorationandsignage
2536,image3480.jpg,misc
2537,image10825.jpg,Decorationandsignage
2538,image5316.jpg,misc
2539,image1752.jpg,misc
2540,image2461.jpg,misc
2541,image1203.jpg,Attire
2542,image5949.jpg,misc
2543,image1674.jpg,Food
2544,image10169.jpg,Food
2545,image9408.jpg,Food
2546,image968.jpg,Attire
2547,image9509.jpg,Attire
2548,image6815.jpg,Food
2549,image7408.jpg,Food
2550,image5165.jpg,misc
2551,image7825.jpg,Attire
2552,image2145.jpg,Attire
2553,image1828.jpg,misc
2554,image3305.jpg,misc
2555,image8812.jpg,Attire
2556,image1984.jpg,Decorationandsignage
2557,image1602.jpg,Food
2558,image6071.jpg,Attire
2559,image458.jpg,misc
2560,image1027.jpg,Decorationandsignage
2561,image5188.jpg,Attire
2562,image2444.jpg,Food
2563,image68.jpg,Food
2564,image6285.jpg,Food
2565,image5724.jpg,Food
2566,image6105.jpg,Attire
2567,image1597.jpg,Decorationandsignage
2568,image8430.jpg,Food
2569,image5024.jpg,misc
2570,image5327.jpg,Attire
2571,image8270.jpg,Food
2572,image9258.jpg,Attire
2573,image928.jpg,Decorationandsignage
2574,image6449.jpg,Food
2575,image2175.jpg,Attire
2576,image2427.jpg,Attire
2577,image4002.jpg,Decorationandsignage
2578,image4827.jpg,Decorationandsignage
2579,image4822.jpg,Attire
2580,image7859.jpg,Food
2581,image866.jpg,Food
2582,image3500.jpg,Attire
2583,image5371.jpg,Attire
2584,image6501.jpg,Food
2585,image6010.jpg,misc
2586,image9211.jpg,Food
2587,image8395.jpg,misc
2588,image3398.jpg,misc
2589,image9111.jpg,Attire
2590,image6574.jpg,Decorationandsignage
2591,image10210.jpg,Food
2592,image8052.jpg,Attire
2593,image9699.jpg,Decorationandsignage
2594,image7660.jpg,Attire
2595,image1642.jpg,Decorationandsignage
2596,image7585.jpg,Decorationandsignage
2597,image3056.jpg,Attire
2598,image5968.jpg,Attire
2599,image4377.jpg,Food
2600,image9006.jpg,misc
2601,image3783.jpg,Food
2602,image9191.jpg,Attire
2603,image3448.jpg,Food
2604,image2848.jpg,Attire
2605,image1056.jpg,Food
2606,image3471.jpg,Food
2607,image6132.jpg,Attire
2608,image6282.jpg,Food
2609,image4651.jpg,Decorationandsignage
2610,image10159.jpg,misc
2611,image7530.jpg,Food
2612,image7383.jpg,Attire
2613,image2109.jpg,misc
2614,image7375.jpg,Attire
2615,image10455.jpg,Food
2616,image9493.jpg,misc
2617,image9443.jpg,Attire
2618,image6697.jpg,Attire
2619,image3277.jpg,misc
2620,image5101.jpg,Attire
2621,image298.jpg,Attire
2622,image9472.jpg,Decorationandsignage
2623,image8193.jpg,Food
2624,image5953.jpg,misc
2625,image5546.jpg,Food
2626,image1291.jpg,Food
2627,image1783.jpg,Food
2628,image8646.jpg,Attire
2629,image7107.jpg,misc
2630,image884.jpg,Food
2631,image8818.jpg,Food
2632,image6624.jpg,Decorationandsignage
2633,image6053.jpg,Decorationandsignage
2634,image5659.jpg,Food
2635,image7067.jpg,Attire
2636,image2726.jpg,Attire
2637,image7317.jpg,Food
2638,image4895.jpg,Food
2639,image8638.jpg,misc
2640,image1594.jpg,Food
2641,image2597.jpg,Food
2642,image6367.jpg,Food
2643,image3591.jpg,Attire
2644,image9291.jpg,Attire
2645,image6907.jpg,Attire
2646,image10297.jpg,Attire
2647,image9869.jpg,Decorationandsignage
2648,image6497.jpg,Attire
2649,image5332.jpg,Food
2650,image3214.jpg,Decorationandsignage
2651,image6704.jpg,Decorationandsignage
2652,image2867.jpg,Food
2653,image1439.jpg,Attire
2654,image561.jpg,Food
2655,image6177.jpg,misc
2656,image5347.jpg,Food
2657,image761.jpg,misc
2658,image8910.jpg,Attire
2659,image5527.jpg,Decorationandsignage
2660,image10747.jpg,Food
2661,image7601.jpg,Food
2662,image5539.jpg,Food
2663,image7865.jpg,misc
2664,image4921.jpg,Attire
2665,image4982.jpg,Attire
2666,image7254.jpg,Attire
2667,image3444.jpg,Attire
2668,image3610.jpg,Attire
2669,image6514.jpg,Attire
2670,image438.jpg,Attire
2671,image9299.jpg,misc
2672,image9700.jpg,Food
2673,image2349.jpg,Food
2674,image7125.jpg,Food
2675,image3440.jpg,Food
2676,image8579.jpg,misc
2677,image5478.jpg,Attire
2678,image1175.jpg,Food
2679,image9565.jpg,Attire
2680,image9678.jpg,misc
2681,image6950.jpg,Attire
2682,image2135.jpg,misc
2683,image5542.jpg,Food
2684,image2085.jpg,Decorationandsignage
2685,image3144.jpg,misc
2686,image7206.jpg,Attire
2687,image7228.jpg,Decorationandsignage
2688,image5268.jpg,Attire
2689,image5351.jpg,misc
2690,image1260.jpg,Food
2691,image7800.jpg,Food
2692,image2888.jpg,Food
2693,image10548.jpg,Attire
2694,image1108.jpg,Attire
2695,image3352.jpg,Attire
2696,image1037.jpg,Food
2697,image6934.jpg,Attire
2698,image8025.jpg,Attire
2699,image5754.jpg,Decorationandsignage
2700,image7569.jpg,Food
2701,image10327.jpg,Food
2702,image5493.jpg,Decorationandsignage
2703,image7967.jpg,Attire
2704,image9165.jpg,Food
2705,image2757.jpg,Attire
2706,image8095.jpg,Food
2707,image4503.jpg,Food
2708,image9580.jpg,Attire
2709,image3382.jpg,misc
2710,image8709.jpg,Food
2711,image3470.jpg,Attire
2712,image10884.jpg,Food
2713,image3028.jpg,Food
2714,image2221.jpg,misc
2715,image2543.jpg,misc
2716,image541.jpg,Food
2717,image1084.jpg,Food
2718,image7458.jpg,Food
2719,image7932.jpg,Food
2720,image9438.jpg,Attire
2721,image4332.jpg,misc
2722,image4263.jpg,misc
2723,image5437.jpg,Food
2724,image2611.jpg,Food
2725,image8404.jpg,misc
2726,image5522.jpg,Attire
2727,image3168.jpg,misc
2728,image2001.jpg,Attire
2729,image4857.jpg,misc
2730,image3047.jpg,Decorationandsignage
2731,image7723.jpg,Attire
2732,image5211.jpg,Food
2733,image9970.jpg,misc
2734,image5959.jpg,Food
2735,image4446.jpg,Food
2736,image171.jpg,Food
2737,image3619.jpg,Food
2738,image7050.jpg,Food
2739,image10309.jpg,Food
2740,image10845.jpg,Decorationandsignage
2741,image10342.jpg,misc
2742,image7767.jpg,Attire
2743,image4923.jpg,Food
2744,image9072.jpg,Decorationandsignage
2745,image1224.jpg,Food
2746,image4186.jpg,Attire
2747,image10821.jpg,Attire
2748,image10450.jpg,Food
2749,image5210.jpg,Attire
2750,image3283.jpg,Food
2751,image10576.jpg,Decorationandsignage
2752,image2739.jpg,misc
2753,image10067.jpg,Attire
2754,image5502.jpg,Attire
2755,image4331.jpg,Attire
2756,image10081.jpg,Food
2757,image10810.jpg,Food
2758,image5827.jpg,Food
2759,image7616.jpg,Decorationandsignage
2760,image1151.jpg,Attire
2761,image3237.jpg,Attire
2762,image6357.jpg,Food
2763,image4658.jpg,Food
2764,image9793.jpg,Food
2765,image5569.jpg,Food
2766,image1120.jpg,misc
2767,image505.jpg,Attire
2768,image4345.jpg,Food
2769,image6489.jpg,misc
2770,image2032.jpg,Food
2771,image1377.jpg,Decorationandsignage
2772,image5537.jpg,Decorationandsignage
2773,image2593.jpg,misc
2774,image6475.jpg,misc
2775,image5240.jpg,Food
2776,image869.jpg,Decorationandsignage
2777,image7277.jpg,Attire
2778,image569.jpg,misc
2779,image9484.jpg,Food
2780,image6179.jpg,Food
2781,image2327.jpg,misc
2782,image9236.jpg,Food
2783,image7428.jpg,Food
2784,image8855.jpg,Food
2785,image2684.jpg,Attire
2786,image2457.jpg,Decorationandsignage
2787,image6522.jpg,Food
2788,image7099.jpg,misc
2789,image5255.jpg,misc
2790,image10145.jpg,Decorationandsignage
2791,image1887.jpg,Food
2792,image1375.jpg,Attire
2793,image10305.jpg,Food
2794,image1072.jpg,misc
2795,image7308.jpg,Food
2796,image685.jpg,Attire
2797,image3536.jpg,Food
2798,image178.jpg,misc
2799,image3677.jpg,Food
2800,image8599.jpg,misc
2801,image8727.jpg,Food
2802,image7215.jpg,Food
2803,image6028.jpg,Attire
2804,image271.jpg,Attire
2805,image10886.jpg,Decorationandsignage
2806,image10858.jpg,Decorationandsignage
2807,image7001.jpg,Attire
2808,image85.jpg,Decorationandsignage
2809,image10756.jpg,Attire
2810,image10768.jpg,Attire
2811,image8787.jpg,Food
2812,image511.jpg,Decorationandsignage
2813,image4234.jpg,Decorationandsignage
2814,image4527.jpg,misc
2815,image362.jpg,Attire
2816,image3021.jpg,Attire
2817,image8198.jpg,Decorationandsignage
2818,image9892.jpg,Food
2819,image9768.jpg,Attire
2820,image3090.jpg,Decorationandsignage
2821,image5832.jpg,Decorationandsignage
2822,image10278.jpg,Food
2823,image5609.jpg,Food
2824,image7034.jpg,misc
2825,image7503.jpg,Food
2826,image6848.jpg,Attire
2827,image8766.jpg,misc
2828,image1059.jpg,Food
2829,image2352.jpg,Attire
2830,image6038.jpg,Attire
2831,image10669.jpg,Food
2832,image9708.jpg,Food
2833,image2172.jpg,Attire
2834,image8273.jpg,Attire
2835,image10784.jpg,misc
2836,image3402.jpg,Food
2837,image6630.jpg,Attire
2838,image2540.jpg,Attire
2839,image7013.jpg,misc
2840,image6332.jpg,misc
2841,image4032.jpg,Food
2842,image1569.jpg,Food
2843,image3537.jpg,Decorationandsignage
2844,image547.jpg,Attire
2845,image3106.jpg,Food
2846,image7097.jpg,Food
2847,image5535.jpg,Attire
2848,image8961.jpg,Attire
2849,image2641.jpg,misc
2850,image4605.jpg,Food
2851,image10151.jpg,Food
2852,image6480.jpg,Attire
2853,image10317.jpg,Attire
2854,image4706.jpg,Food
2855,image8363.jpg,Food
2856,image3600.jpg,Decorationandsignage
2857,image1767.jpg,Food
2858,image9879.jpg,Attire
2859,image269.jpg,Food
2860,image9530.jpg,Food
2861,image451.jpg,Attire
2862,image7085.jpg,Decorationandsignage
2863,image4749.jpg,Attire
2864,image7137.jpg,misc
2865,image2028.jpg,Food
2866,image549.jpg,Decorationandsignage
2867,image1546.jpg,Decorationandsignage
2868,image10744.jpg,Food
2869,image9563.jpg,Decorationandsignage
2870,image6809.jpg,Decorationandsignage
2871,image7267.jpg,Decorationandsignage
2872,image8449.jpg,Decorationandsignage
2873,image5769.jpg,Attire
2874,image5906.jpg,misc
2875,image7218.jpg,Decorationandsignage
2876,image10530.jpg,misc
2877,image10478.jpg,Attire
2878,image6037.jpg,Attire
2879,image8091.jpg,Decorationandsignage
2880,image10872.jpg,Decorationandsignage
2881,image8789.jpg,Food
2882,image9243.jpg,Attire
2883,image234.jpg,misc
2884,image8167.jpg,Decorationandsignage
2885,image4646.jpg,Decorationandsignage
2886,image2528.jpg,Attire
2887,image5838.jpg,Food
2888,image1022.jpg,Food
2889,image5445.jpg,misc
2890,image10349.jpg,Food
2891,image7072.jpg,Attire
2892,image2138.jpg,misc
2893,image3193.jpg,Food
2894,image10436.jpg,misc
2895,image10611.jpg,misc
2896,image649.jpg,Decorationandsignage
2897,image1082.jpg,Decorationandsignage
2898,image8735.jpg,Food
2899,image2276.jpg,Food
2900,image745.jpg,Food
2901,image6778.jpg,Food
2902,image3978.jpg,misc
2903,image4897.jpg,misc
2904,image6050.jpg,misc
2905,image7033.jpg,Attire
2906,image10178.jpg,misc
2907,image1497.jpg,Decorationandsignage
2908,image2982.jpg,Attire
2909,image6582.jpg,Decorationandsignage
2910,image355.jpg,Decorationandsignage
2911,image5136.jpg,Attire
2912,image652.jpg,Decorationandsignage
2913,image10191.jpg,Attire
2914,image4514.jpg,Decorationandsignage
2915,image1730.jpg,Attire
2916,image3349.jpg,misc
2917,image10115.jpg,misc
2918,image3679.jpg,misc
2919,image497.jpg,Attire
2920,image9344.jpg,Food
2921,image2475.jpg,Decorationandsignage
2922,image8728.jpg,Attire
2923,image1287.jpg,Attire
2924,image7869.jpg,Decorationandsignage
2925,image7900.jpg,Attire
2926,image373.jpg,Attire
2927,image8881.jpg,misc
2928,image4902.jpg,Food
2929,image5826.jpg,Decorationandsignage
2930,image9374.jpg,misc
2931,image4199.jpg,Attire
2932,image9403.jpg,Food
2933,image272.jpg,Food
2934,image4104.jpg,misc
2935,image797.jpg,Decorationandsignage
2936,image10158.jpg,Food
2937,image4793.jpg,Attire
2938,image861.jpg,Food
2939,image213.jpg,Decorationandsignage
2940,image10583.jpg,Food
2941,image7177.jpg,Attire
2942,image10147.jpg,Attire
2943,image8058.jpg,Decorationandsignage
2944,image10640.jpg,Food
2945,image9025.jpg,Food
2946,image3994.jpg,misc
2947,image8935.jpg,misc
2948,image7763.jpg,Attire
2949,image7609.jpg,misc
2950,image5126.jpg,Food
2951,image9066.jpg,Food
2952,image6530.jpg,Attire
2953,image6957.jpg,Attire
2954,image1601.jpg,Food
2955,image2701.jpg,Decorationandsignage
2956,image4185.jpg,Food
2957,image513.jpg,Decorationandsignage
2958,image4297.jpg,Decorationandsignage
2959,image8432.jpg,Attire
2960,image6390.jpg,Decorationandsignage
2961,image2134.jpg,Attire
2962,image1479.jpg,Decorationandsignage
2963,image6914.jpg,Food
2964,image6081.jpg,misc
2965,image4086.jpg,misc
2966,image1736.jpg,Attire
2967,image7505.jpg,Food
2968,image554.jpg,Decorationandsignage
2969,image360.jpg,Attire
2970,image1544.jpg,Attire
2971,image2925.jpg,Food
2972,image656.jpg,Attire
2973,image9465.jpg,Food
2974,image1038.jpg,misc
2975,image9062.jpg,Decorationandsignage
2976,image4759.jpg,Food
2977,image6555.jpg,misc
2978,image2878.jpg,Attire
2979,image5870.jpg,Attire
2980,image9897.jpg,Attire
2981,image7987.jpg,Attire
2982,image8384.jpg,Food
2983,image9442.jpg,misc
2984,image3862.jpg,Food
2985,image3260.jpg,Attire
2986,image6977.jpg,Attire
2987,image6378.jpg,Attire
2988,image2566.jpg,Attire
2989,image3628.jpg,Attire
2990,image1468.jpg,misc
2991,image9684.jpg,Attire
2992,image9240.jpg,Attire
2993,image4957.jpg,misc
2994,image9944.jpg,Food
2995,image5630.jpg,Attire
2996,image120.jpg,Decorationandsignage
2997,image7993.jpg,Attire
2998,image8231.jpg,Attire
2999,image1535.jpg,misc
3000,image8951.jpg,Food
3001,image6407.jpg,Food
3002,image10410.jpg,Decorationandsignage
3003,image8261.jpg,Attire
3004,image5450.jpg,Food
3005,image9511.jpg,Food
3006,image2013.jpg,Attire
3007,image6364.jpg,Food
3008,image9200.jpg,Food
3009,image9153.jpg,Attire
3010,image1220.jpg,misc
3011,image7942.jpg,Food
3012,image7603.jpg,Food
3013,image1929.jpg,Attire
3014,image5857.jpg,misc
3015,image2007.jpg,Attire
3016,image2146.jpg,Attire
3017,image1588.jpg,misc
3018,image5337.jpg,Food
3019,image3449.jpg,Food
3020,image3183.jpg,misc
3021,image5667.jpg,Decorationandsignage
3022,image1332.jpg,Food
3023,image4222.jpg,Decorationandsignage
3024,image1486.jpg,misc
3025,image10217.jpg,misc
3026,image740.jpg,Decorationandsignage
3027,image5705.jpg,Food
3028,image8891.jpg,Food
3029,image7362.jpg,Food
3030,image1207.jpg,misc
3031,image3019.jpg,Decorationandsignage
3032,image2179.jpg,Attire
3033,image1778.jpg,Attire
3034,image8587.jpg,misc
3035,image6910.jpg,misc
3036,image9163.jpg,Food
3037,image8867.jpg,Attire
3038,image7905.jpg,misc
3039,image3039.jpg,Decorationandsignage
3040,image6617.jpg,Attire
3041,image7064.jpg,Attire
3042,image1731.jpg,Food
3043,image2041.jpg,Attire
3044,image6070.jpg,Decorationandsignage
3045,image3280.jpg,misc
3046,image9958.jpg,misc
3047,image9293.jpg,Decorationandsignage
3048,image10685.jpg,Food
3049,image9945.jpg,misc
3050,image9988.jpg,Attire
3051,image7306.jpg,Attire
3052,image2610.jpg,Food
3053,image2627.jpg,misc
3054,image6962.jpg,Decorationandsignage
3055,image10012.jpg,Attire
3056,image4271.jpg,Decorationandsignage
3057,image10008.jpg,Attire
3058,image3143.jpg,Decorationandsignage
3059,image8429.jpg,Decorationandsignage
3060,image750.jpg,Decorationandsignage
3061,image7940.jpg,Food
3062,image8075.jpg,Decorationandsignage
3063,image8684.jpg,misc
3064,image10694.jpg,Food
3065,image5173.jpg,Food
3066,image5801.jpg,Food
3067,image6963.jpg,Decorationandsignage
3068,image1857.jpg,Attire
3069,image10508.jpg,misc
3070,image329.jpg,Food
3071,image7339.jpg,misc
3072,image280.jpg,misc
3073,image4802.jpg,Attire
3074,image6429.jpg,Decorationandsignage
3075,image5448.jpg,Food
3076,image2570.jpg,Food
3077,image10047.jpg,Food
3078,image9594.jpg,Decorationandsignage
3079,image5389.jpg,Attire
3080,image519.jpg,Decorationandsignage
3081,image2747.jpg,Attire
3082,image5112.jpg,misc
3083,image9653.jpg,Decorationandsignage
3084,image4604.jpg,Food
3085,image8714.jpg,Attire
3086,image9987.jpg,Decorationandsignage
3087,image3337.jpg,Attire
3088,image416.jpg,Attire
3089,image2675.jpg,Food
3090,image8033.jpg,Food
3091,image10623.jpg,Attire
3092,image2818.jpg,Attire
3093,image9368.jpg,Food
3094,image5404.jpg,Decorationandsignage
3095,image7731.jpg,Food
3096,image6410.jpg,Decorationandsignage
3097,image9882.jpg,Decorationandsignage
3098,image7664.jpg,Food
3099,image6243.jpg,Attire
3100,image784.jpg,Attire
3101,image141.jpg,Attire
3102,image10659.jpg,misc
3103,image5062.jpg,Decorationandsignage
3104,image10596.jpg,misc
3105,image9130.jpg,Attire
3106,image10570.jpg,Decorationandsignage
3107,image4452.jpg,Food
3108,image1718.jpg,misc
3109,image9671.jpg,Food
3110,image9913.jpg,misc
3111,image1036.jpg,Food
3112,image2650.jpg,misc
3113,image1417.jpg,Food
3114,image6265.jpg,Decorationandsignage
3115,image5877.jpg,Decorationandsignage
3116,image9656.jpg,Attire
3117,image6333.jpg,misc
3118,image3680.jpg,Decorationandsignage
3119,image6075.jpg,Decorationandsignage
3120,image8213.jpg,Attire
3121,image1539.jpg,Food
3122,image9969.jpg,Food
3123,image3870.jpg,Decorationandsignage
3124,image1096.jpg,Attire
3125,image2951.jpg,Attire
3126,image7456.jpg,Food
3127,image7111.jpg,misc
3128,image148.jpg,Attire
3129,image145.jpg,Food
3130,image9260.jpg,Attire
3131,image7187.jpg,Decorationandsignage
3132,image3828.jpg,Decorationandsignage
3133,image10736.jpg,Attire
3134,image9801.jpg,Attire
3135,image1872.jpg,Decorationandsignage
3136,image7133.jpg,Attire
3137,image4630.jpg,Food
3138,image1766.jpg,misc
3139,image9499.jpg,misc
3140,image796.jpg,Decorationandsignage
3141,image10850.jpg,Food
3142,image7057.jpg,Food
3143,image4335.jpg,misc
3144,image10836.jpg,misc
3145,image10363.jpg,Decorationandsignage
3146,image7856.jpg,Decorationandsignage
3147,image256.jpg,Food
3148,image6166.jpg,misc
3149,image9701.jpg,Attire
3150,image4967.jpg,Attire
3151,image7263.jpg,Decorationandsignage
3152,image10307.jpg,Attire
3153,image1869.jpg,Decorationandsignage
3154,image1193.jpg,misc
3155,image3690.jpg,misc
3156,image4932.jpg,Attire
3157,image1917.jpg,Decorationandsignage
3158,image9837.jpg,Decorationandsignage
3159,image6805.jpg,Attire
3160,image5934.jpg,Food
3161,image3126.jpg,misc
3162,image10360.jpg,Attire
3163,image4961.jpg,Attire
3164,image2338.jpg,Food
3165,image7506.jpg,Food
3166,image8924.jpg,Decorationandsignage
3167,image8032.jpg,Food
3168,image6122.jpg,Food
3169,image2753.jpg,Attire
3170,image10046.jpg,misc
3171,image10150.jpg,Attire
3172,image388.jpg,Food
3173,image2339.jpg,Food
3174,image6156.jpg,misc
3175,image10830.jpg,misc
3176,image4914.jpg,Food
3177,image155.jpg,Food
3178,image10119.jpg,Food
3179,image5572.jpg,Decorationandsignage
3180,image9529.jpg,Food
3181,image4461.jpg,Attire
3182,image9454.jpg,Attire
3183,image3544.jpg,Food
3184,image2914.jpg,Food
3185,image2738.jpg,Food
3186,image2613.jpg,Decorationandsignage
3187,image2856.jpg,misc
3188,image9274.jpg,Food
3189,image4442.jpg,Food
3190,image5119.jpg,Food
3191,image8564.jpg,Attire
3192,image4836.jpg,Attire
3193,image1530.jpg,Attire
3194,image336.jpg,Attire
3195,image7734.jpg,Food
3196,image537.jpg,Attire
3197,image2448.jpg,Food
3198,image1924.jpg,Decorationandsignage
3199,image8569.jpg,misc
3200,image8474.jpg,Food
3201,image9538.jpg,Attire
3202,image1816.jpg,Attire
3203,image5943.jpg,Food
3204,image1235.jpg,Food
3205,image3141.jpg,Food
3206,image4665.jpg,Decorationandsignage
3207,image10691.jpg,Food
3208,image2177.jpg,Decorationandsignage
3209,image1978.jpg,misc
3210,image8302.jpg,Attire
3211,image6005.jpg,Attire
3212,image4319.jpg,Decorationandsignage
3213,image8222.jpg,Food
3214,image4968.jpg,Attire
3215,image6673.jpg,Food
3216,image3442.jpg,misc
3217,image8178.jpg,Decorationandsignage
3218,image5367.jpg,misc
